name,category,price
INTERIOR CACHETERO DE MUJER ,Interiores y medias,1.5
MAYAS,Interiores y medias,0.5
MEDIA DE HOMBRE FERARY ,Interiores y medias,2
MEDIA ECONOMICA ,Interiores y medias,1
MEDIA NYLON LICRA REFORZADA ,Interiores y medias,2.75
MEDIA NYLON NORMAL ,Interiores y medias,2
MEDIA PANTALON NYLON ,Interiores y medias,1.5
MEDIA PARA PANTALON NYLON ,Interiores y medias,1.5
MEDIAS DE MUÑECA DE MUJER ,Interiores y medias,1
MEDIAS TOBILLERAS DE HOMBRE ,Interiores y medias,1
MEIDA NYLON PARA PANTALON,Interiores y medias,2
TIRA BRASIER,Interiores y medias,0.5
TIRA SOSTEN,Interiores y medias,1
TOD DE MUJER ,Interiores y medias,2.5
CAJA DE COLORES KIUT X 15 ,Escritura y Corrección,5
COLORES ALEZ X 12 PEQUEÑA ,Escritura y Corrección,1
LAPIZ ARTESCO # 2B-2H-3B-3H,Escritura y Corrección,0.4
LAPIZ BICOLOR ALEX ,Escritura y Corrección,0.15
LAPIZ BICOLOR ARTESCO,Escritura y Corrección,0.3
LAPIZ BICOLOR GRUESO ,Escritura y Corrección,0.65
LAPIZ CARBONCILLO MARIES ,Escritura y Corrección,1
LAPIZ CORTO PELIKAN X12 TRIANGULAR ,Escritura y Corrección,1.6
LAPIZ DE COL. ESTILO LARGO ,Escritura y Corrección,1.5
LAPIZ DE COLOR ALEX TRIANGULAR  X 12 ,Escritura y Corrección,1.5
LAPIZ DE COLOR ARTESCO CORTA X12 ,Escritura y Corrección,1.2
LAPIZ DE COLOR CARIOCA ,Escritura y Corrección,1.75
LAPIZ DE COLOR CARIOCA JUNIOR FLEX,Escritura y Corrección,1.8
LAPIZ DE COLOR CARIOCA TRIANGULAR IRIS ,Escritura y Corrección,1.6
LAPIZ DE COLOR CREATIV DE 12 UNI.,Escritura y Corrección,1.9
LAPIZ DE COLOR ESTILO DE 12 UNID,Escritura y Corrección,2.6
LAPIZ DE COLOR ESTILO DE 24 U.,Escritura y Corrección,2.7
LAPIZ DE COLOR MI NOTA LARGA X 12 ,Escritura y Corrección,1.6
LAPIZ DE COLOR NORMA 15 COLORES ,Escritura y Corrección,4
LAPIZ DE COLOR NORMA PREMIUN X 15 LARGO ,Escritura y Corrección,5.5
LAPIZ DE COLOR PEQUEÑA ALEX X12 ,Escritura y Corrección,1.1
LAPIZ DE COLOR WEIBO CORTA X12 ,Escritura y Corrección,0.75
LAPIZ DE COLOR WEIBO LARGA X12 SAFARI,Escritura y Corrección,1.85
LAPIZ FADER CASTEL ,Escritura y Corrección,0.3
LAPIZ INFINITO ,Escritura y Corrección,1
LAPIZ JUMBO KIDS ESTILO X 12 ,Escritura y Corrección,0.35
LAPIZ JUMBO x 12 ,Escritura y Corrección,0.5
LAPIZ MONGOL X 12 UNI,Escritura y Corrección,0.35
LAPIZ PORTA MINAS ,Escritura y Corrección,3
LAPIZ PORTA MINAS LUXOR,Escritura y Corrección,0.5
LAPIZ STAEDTJER HB AZUL,Escritura y Corrección,0.4
LAPIZ STAEDTLER 2B Y 3H ,Escritura y Corrección,0.9
LAPIZ STAEDTLER ROJO ,Escritura y Corrección,0.5
LAPIZ WEIBO ,Escritura y Corrección,0.25
"MINAS 0,5 2B FABER CASTEL ",Escritura y Corrección,0.4
"MINAS 0,5 HB FABER CASTEL ",Escritura y Corrección,0.45
"MINAS 0,5 HB LUXOR",Escritura y Corrección,0.4
MINAS CHINAS  2B ,Escritura y Corrección,0.5
MINAS PANDI ,Escritura y Corrección,0.4
LAPIZ DE COLOR ROJO ARTESCO CHEQUEO ,Escritura y Corrección,0
"PORTAMINA CARIOCA COLORES MINA 0,5",Escritura y Corrección,0.6
PORTAMINAS NATARAJ,Escritura y Corrección,0.7
PORTAMINAS SUPER GRIP ,Escritura y Corrección,0.6
PORTAMINAS UTILESA ,Escritura y Corrección,1.25
CAJA DE ESFEROS DE COLORES MARCA ESTILO ,Escritura y Corrección,0.3
ESFERO ALEX PLUMA ESCARCHADA DE 10 UNI.,Escritura y Corrección,2.65
ESFERO BEIFA AZUL Y ROJO VIENEN 10 UNI.,Escritura y Corrección,0.2
ESFERO BESTER COLOR AZUL ,Escritura y Corrección,0.25
"ESFERO BIC PUNTA FINA COLOR R, A, N",Escritura y Corrección,0.45
ESFERO BIC PUNTA MEDIA COLOR NEGRO ,Escritura y Corrección,40
"ESFERO BIC PUNTA MEDIA COLOR R, A",Escritura y Corrección,0.35
ESFERO BORRABLE CHINO ,Escritura y Corrección,0.6
"ESFERO BORRABLE UTILESA AZUL. ROJO, NEGRO ",Escritura y Corrección,1
ESFERO DE COLORES X 10 UNIMAX ,Escritura y Corrección,3.5
ESFERO DE COLORES X 6 UTILESA ,Escritura y Corrección,1.2
ESFERO DORICOLOR ROJO AZUL NEGRO ,Escritura y Corrección,0
ESFERO ESTILO DE COLOR ROJO Y ROJO ,Escritura y Corrección,0.3
ESFERO GELL WEIBO ,Escritura y Corrección,0.5
ESFERO GRAFICO DAX CLEAR CUT  DE COLORES ,Escritura y Corrección,0.45
ESFERO GRAFICO DAX CLEAR CUT COLOR NEGRO ,Escritura y Corrección,0.45
ESFERO GRAFICO DAX POR CAJA ,Escritura y Corrección,4.4
"ESFERO MI NOTA ROJO, AZUL, NEGRO",Escritura y Corrección,0.25
ESFERO NATARAJ DE 10 COLORES DIFERENTES ,Escritura y Corrección,0.45
"ESFERO NATARAJ NEGRO, AZUL, ROJO ",Escritura y Corrección,0.45
ESFERO NEON COLOR PASTEL 12 COLORES ,Escritura y Corrección,2.75
"ESFERO OFFI-ESCO ROJ, AZ, NEG",Escritura y Corrección,0.5
ESFERO OIL BALL PEN ,Escritura y Corrección,0.35
"ESFERO PASSOLA R, A, N",Escritura y Corrección,0.25
"ESFERO PLUMA BORRABLE AZUL, NEGRO X 12 ",Escritura y Corrección,1
ESFERO PLUMA BORRABLE ROJO ,Escritura y Corrección,1
ESFERO PLUMA FADER CASTEL X 12 COLRES  ,Escritura y Corrección,3.5
"ESFERO SCHNEIDER R, A, N",Escritura y Corrección,0.45
ESFERO ZUIXUA COLORES PASTELES 12 COLORES ,Escritura y Corrección,3.75
ESFEROS PLUMA X 12 ANIMALES ,Escritura y Corrección,0.5
ESFEROS PLUMA X 12 LENTEJUELAS ,Escritura y Corrección,0.5
MARCADOR ACRILICO MUHUI 12 COLORES ,Escritura y Corrección,0.4
MARCADOR ACRILICO MUHUI 24 COLORES ,Escritura y Corrección,0.4
"MARCADOR ALEX PERMANENTE AZUL, ROJO, N.",Escritura y Corrección,0.5
MARCADOR ALEX X 6 ,Escritura y Corrección,0.6
MARCADOR CARIOCA JR X 12 ,Escritura y Corrección,1.6
MARCADOR CARIOCA JR X 6,Escritura y Corrección,0.9
MARCADOR DOBLE PUNTA GRASP BLANCO DE COLORES ,Escritura y Corrección,0.5
MARCADOR DOBLE PUNTA GRASP NEGRO DE COLORES ,Escritura y Corrección,0.5
MARCADOR DOBLE PUNTA MOLIN ,Escritura y Corrección,1
MARCADOR DOBLE PUNTA POINTER,Escritura y Corrección,1
MARCADOR DOBLE PUNTA UTILESA ,Escritura y Corrección,1
MARCADOR DOBLE PUNTA UTILESA ,Escritura y Corrección,1
MARCADOR KIUT MAGICO X12 ,Escritura y Corrección,4.8
MARCADOR PARA CD BEIFA,Escritura y Corrección,0.6
MARCADOR PARA CD FADER CASTEL NEGRO,Escritura y Corrección,1
MARCADOR PARA CD FADER CASTEL ROJO,Escritura y Corrección,0.7
MARCADOR PASSOLA X12 RAIMBO,Escritura y Corrección,1.25
MARCADOR PELIKAN CLASICO ,Escritura y Corrección,2
MARCADOR PELIKAN No 1 ,Escritura y Corrección,1
MARCADOR PELIKAN No 2,Escritura y Corrección,1
MARCADOR PELIKAN PERMANENTE ,Escritura y Corrección,0.55
MARCADOR PERMANENTE BESTER MP 52,Escritura y Corrección,0.6
MARCADOR TIZA LIQUIDA BESTER MT 150,Escritura y Corrección,0.65
MARCADOR TIZA LIQUIDA PELIKAN,Escritura y Corrección,0.75
MARCADOR TIZA LIQUIDA WHITE BOARD ,Escritura y Corrección,0.75
MARCADORES CARIOCA DE 12 UNIDADES ,Escritura y Corrección,1.7
MARCADORES CARIOCA DE 6 UNIDADES ,Escritura y Corrección,0.75
ESTELITE GRANDE ALEX X 24 ,Escritura y Corrección,0.5
ESTILETE GRANDE CUTTER,Escritura y Corrección,1
ESTILETE GRANDE UTILESA ,Escritura y Corrección,0.5
ESTILETE PEQUEÑO ALEX X 24 ,Escritura y Corrección,0.3
RESALTADOR ALEX ,Escritura y Corrección,0.4
RESALTADOR BEIFA 200 R VIENEN 10 UNI.,Escritura y Corrección,0.5
RESALTADOR DE VARIOS COLORES DE ESTRELLA ,Escritura y Corrección,1.2
RESALTADOR HIGHLIGHTER,Escritura y Corrección,0.5
RESALTADOR HIGHLIGHTER PQ,Escritura y Corrección,0.3
RESALTADOR HIGHLIGHTER X 60 ,Escritura y Corrección,0.5
RESALTADOR LUCKY X 4 ,Escritura y Corrección,0.6
RESALTADOR MINI LOXOR ,Escritura y Corrección,0.3
RESALTADOR PELIKAN COLORES PASTELES X 4 ,Escritura y Corrección,0.75
RESALTADOR PQ HIGHLIGHTER,Escritura y Corrección,0.4
RESALTADOR SWEET CANDY ,Escritura y Corrección,0.5
RESALTADOR WHONE SHARK,Escritura y Corrección,0.5
BORRADOR ARTESCO ROCK NEGRO ,Escritura y Corrección,0.25
BORRADOR DE FIGURAS INDIVIDUAL ,Escritura y Corrección,0
BORRADOR DE FIGURAS X 6 ,Escritura y Corrección,0
BORRADOR DE PIZARRA UTILESA,Escritura y Corrección,1
BORRADOR DE QUESO PZ 20 GD ,Escritura y Corrección,0.3
BORRADOR DE QUESO PZ 60 PEQUEÑO PELIKAN,Escritura y Corrección,0.2
BORRADOR DE TINTA PELIKAN,Escritura y Corrección,0.25
BORRADOR I LOVE SMILE ,Escritura y Corrección,0.25
BORRADOR LOUFOR Y SACA PUNTA ,Escritura y Corrección,1
CINTA CORRECTOR BEST ,Escritura y Corrección,0.65
CORECTOR ESTILO 7 ML,Escritura y Corrección,0.4
CORRECTOR ALEX X 12 ,Escritura y Corrección,0.5
CORRECTOR ARTESCO ,Escritura y Corrección,0.5
CORRECTOR ESTILO MINI ,Escritura y Corrección,0.3
CORRECTOR SKYGLORY,Escritura y Corrección,0.6
CADERNO DE DIBUJO # 5 ESPIRAL ,Papel y Cuadernos,1
CUADERMO ESPIRAL UNI. NORMA CUADROS ,Papel y Cuadernos,1.5
CUADERNO COSIDO ANDALUZ PARVULARIO ,Papel y Cuadernos,1.4
CUADERNO COSIDO DE CUADROS ESTILO ,Papel y Cuadernos,1.4
CUADERNO COSIDO FAMA,Papel y Cuadernos,1.4
CUADERNO DE 200 HOJAS ESTILO ,Papel y Cuadernos,3.3
CUADERNO DE 4 LINERAS ESPIRAL DE 100 HOJAS ESTILO,Papel y Cuadernos,1.5
CUADERNO DE CONTABILIDAD ESPERIAL DE 100 H.,Papel y Cuadernos,2.6
CUADERNO DE CUADROS DE 60 HOJAS ESPIRAL MIS APUNTES ,Papel y Cuadernos,0.7
CUADERNO ESPIRAL DE 100 HOJAS CUA Y 1 LIN NORMA ,Papel y Cuadernos,1.6
CUADERNO ESPIRAL DE 100 HOJAS ESTILO ,Papel y Cuadernos,1.6
CUADERNO ESPIRAL DE 100 HOJAS EXCLUSIVO ,Papel y Cuadernos,1.4
CUADERNO ESPIRAL DE 10O HOJAS CUADROS MIS APUNTES ,Papel y Cuadernos,1.5
CUADERNO ESTILO COSIDO DE 2 LINEAS ,Papel y Cuadernos,1.4
CUADERNO ESTILO COSIDO DE 4 LINEAS ,Papel y Cuadernos,1.4
CUADERNO JR 100 HOJAS CUA Y 1LINEA ,Papel y Cuadernos,1.4
CUADERNO JR 60 HOJAS ,Papel y Cuadernos,0.9
CUADERNO JR DE CUADROS NORMA ,Papel y Cuadernos,1.1
CUADERNO NORMA COSIDO PARBULARIO ,Papel y Cuadernos,1.4
CUADERNO PAUTADO DE MUSICA ,Papel y Cuadernos,1.25
CUADERNO UNIVERSITARIO ZIEN DE 100 HOJAS CUADROS ,Papel y Cuadernos,1.15
CUADERO UNIV. DE 60 HOJAS ESTILO,Papel y Cuadernos,1.3
LIBRETA PEQUEÑA # 1,Papel y Cuadernos,0.7
LIBRETA PEQUEÑA # 2 ,Papel y Cuadernos,0.9
LIBRETA POEQUEÑA # 2 ESILO ,Papel y Cuadernos,0.9
AGENDA LOVE ,Papel y Cuadernos,3.25
CABLE CARGA RAPIDA DE COLORES V8 ,Papel y Cuadernos,3
HOJA CUADRICULADA X 100 INEN ,Papel y Cuadernos,1.2
HOJA CUADRICULADA X 50 ESCRIBE ,Papel y Cuadernos,0.6
HOJA MILIMETRADA X 100 ,Papel y Cuadernos,0.05
HOJA PERFORADA  DE 4L ESCRIBE ,Papel y Cuadernos,0.75
"HOJA PERFORADA DE 1L, 2L, 4L ",Papel y Cuadernos,0.8
HOJA PERFORADA ESTILO DE CUADROS ,Papel y Cuadernos,0.75
HOJAS A4 ADHESIVO ,Papel y Cuadernos,0.25
HOJAS DE PAPEL MINISTRO X 50 H A4 ,Papel y Cuadernos,0.05
HOJAS PERFORADAS A5 MI NOTA ,Papel y Cuadernos,0.5
HOJAS PERFORADAS CON FORDES DECORATIVOS ,Papel y Cuadernos,1.9
HOJAS PERFORADAS DE PARVULARIA ,Papel y Cuadernos,1
REMAX DE HOJAS ,Papel y Cuadernos,3.5
REXMA DE HOJAS RETROPAL LASER ,Papel y Cuadernos,4
PAPEL ADHESIVO A4 COLOR BLANCO ,Papel y Cuadernos,0.25
PAPEL ADHESIVO A4 TRASPARENTE ,Papel y Cuadernos,0.4
PAPEL BOND EN PLIEGO X 25 ,Papel y Cuadernos,0.25
PAPEL BRILLANTE A4 ,Papel y Cuadernos,0.5
PAPEL BRILLANTE A5,Papel y Cuadernos,0.35
PAPEL CARBON AZUL,Papel y Cuadernos,0.15
PAPEL CARBON NEGRO ,Papel y Cuadernos,0.15
PAPEL CEDA ALEX SURT x 20 UNI,Papel y Cuadernos,1.5
PAPEL CELOFAN DE COLORES ,Papel y Cuadernos,0.5
PAPEL CELOFAN TRASPARENTE ,Papel y Cuadernos,0.45
PAPEL CONTACT ARTESCO ,Papel y Cuadernos,2.3
PAPEL CONTACT BESTER,Papel y Cuadernos,2.3
PAPEL COREANO ,Papel y Cuadernos,0.35
PAPEL CREPE ALEX COLOR VERDE OBSCURO,Papel y Cuadernos,0.5
PAPEL CREPE CON DISEÑOS ,Papel y Cuadernos,0.5
PAPEL CREPE DORADO ,Papel y Cuadernos,0.65
PAPEL CREPE NEGRO X 10 ,Papel y Cuadernos,0.5
PAPEL CREPE PLATA X10,Papel y Cuadernos,0.7
PAPEL CREPE VARIOS COLORES,Papel y Cuadernos,0.4
PAPEL DE REGALO DE IMPAPEL ,Papel y Cuadernos,0.3
PAPEL DE REGALO DE PRIMICIAS ,Papel y Cuadernos,0.3
PAPEL FOTOGRAFICO ,Papel y Cuadernos,0.2
PAPEL FOTOGRAFICO BESTER ,Papel y Cuadernos,0.25
PAPEL GREPE ROJO Y NEGRO LANCER,Papel y Cuadernos,0.35
PAPEL HILO ,Papel y Cuadernos,0.15
PAPEL PERIODICO X50 MEDIO PLIEGO ,Papel y Cuadernos,0.15
PAPEL PERIODICO X50 PLIEGO COMPLETO 90X130 CM ,Papel y Cuadernos,0.2
PAPEL PLANO / CALCO x 20 UNIDADES,Papel y Cuadernos,0.25
FORRO ALEX X 50 UNI UNIVERSITARIO ,Papel y Cuadernos,0.15
FORRO CARIOCA GRUESO CUADERNO UNI,Papel y Cuadernos,0.2
FORRO CARIOCA GRUESO PEQUEÑO ,Papel y Cuadernos,0.15
FORRO DE CUADERNO PEQUEÑO DE MIKA ,Papel y Cuadernos,0.25
FORRO DE CUADERNO TIPO MIKA ,Papel y Cuadernos,0.35
FORRO DE CUADERNO UNIVERSITARIO DE MIKA POLO,Papel y Cuadernos,0.35
FORRO DE MIKA PARA CUADERNO COSIDO ,Papel y Cuadernos,0.3
FORRO DE PAPEL DE COLORES ,Papel y Cuadernos,0.2
FORRO DE PAPEL DE DISEÑOS ,Papel y Cuadernos,0.25
FORRO DE PLASTICO PARA CUADERNO JR ,Papel y Cuadernos,0.15
FORRO MIKA PARA CUADERNO JR,Papel y Cuadernos,0.3
FORRO MIKA PARA CUADERNO UNIVERSITARIO ,Papel y Cuadernos,0.4
FORRO PARA CUADERNO COCIDO ,Papel y Cuadernos,0.15
FORRO PARA LIBROS ORISONTALES ,Papel y Cuadernos,0.2
FORRO PLASTICO GRUESO PARA CAUDERNO UNIV,Papel y Cuadernos,0.2
FORRO PLASTICO GRUESO PARA CUADERNO COCIDO,Papel y Cuadernos,0.2
CARTULINA A3 X 25 U.,Arte y Manualidades,0.15
CARTULINA A3 X10 IRIS ,Arte y Manualidades,1.2
CARTULINA A4 COLOR ROJO ,Arte y Manualidades,0.1
CARTULINA A4 DE COLOR NEGRO ,Arte y Manualidades,0.1
CARTULINA ALEX BLANCA X 10 UNI A3 ,Arte y Manualidades,1.25
CARTULINA ALEX DE COLOR NEGRO X 25 ,Arte y Manualidades,0.1
CARTULINA ALEX DE COLOR ROJO X25 ,Arte y Manualidades,0.1
CARTULINA ALEX SURTIDA X10 A3 ,Arte y Manualidades,1.25
CARTULINA BLANCA  A4  x 100,Arte y Manualidades,0.1
CARTULINA BLANCA  A4 ALEX x 25,Arte y Manualidades,0.1
CARTULINA BLANCA PLIEGO ,Arte y Manualidades,0.4
CARTULINA BRISTOL X 25 U DE BARIOS COLORES ,Arte y Manualidades,0.1
CARTULINA ESMALTADA CREATIV X 10 COLORES ,Arte y Manualidades,0.15
CARTULINA ESMALTADA MIS APUNTES X 10 UNI,Arte y Manualidades,0.1
CARTULINA FLOURESCENTE 7 COLORES 2 CARAS  ,Arte y Manualidades,0.2
CARTULINA IRIS DE COLORES A4 ,Arte y Manualidades,0.1
CARTULINA MAGICA COLOR NEGRO,Arte y Manualidades,0.25
CARTULINA NEGRA BRISTOL A3 NEGRA ,Arte y Manualidades,0.1
CARTULINA NEGRA x 10 ,Arte y Manualidades,0.6
CARTULINA PLIEGO COLOR NEGRO ,Arte y Manualidades,0.6
CARTULINA PLIEGO COLOR ROJO ,Arte y Manualidades,0.85
CARTULINA ROJA ESMALTADA ,Arte y Manualidades,0.7
LAMINA CARTULINA  A4 BLANCA  X 25  ,Arte y Manualidades,1.2
LAMINA CARTULINA  A4 SURTIDA X 25 UNI.  ,Arte y Manualidades,1.2
LAMINA CARTULINA A4 INEN BRISTOL COLORES X25 ,Arte y Manualidades,1.5
PLIEGO DE CARTULINA ,Arte y Manualidades,0.45
CARTON CARTULINA ,Arte y Manualidades,0.1
CARTON CARTULINA DELGADA ,Arte y Manualidades,0.75
CARTON CARTULINA GRUESA ,Arte y Manualidades,1.35
CARTON PLUMA PLIEGO DE 70CMX100CM ,Arte y Manualidades,2.75
CARTÓN PRENSADO ,Arte y Manualidades,1.6
PÍSTOLA DE SILICONA ADHEPLAST ,Arte y Manualidades,3.3
PISTOLA DE SILICONA ALEX CELESTE DE 10W ,Arte y Manualidades,3.6
PISTOLA DE SILICONA ALEX NEGRA / BLANCA 20W ,Arte y Manualidades,3.5
PISTOLA DE SILICONA PQ ,Arte y Manualidades,3
SILICONA BARRA FINA 1 K,Arte y Manualidades,0.15
SILICONA DELGADA CIRCOLOR ,Arte y Manualidades,0.16
SILICONA EN BARRA GRUESA X 12 ,Arte y Manualidades,0.15
"SILICONA GRUESA DE 11,3 MM X 30CM ",Arte y Manualidades,0.4
SILICONA LIQUIDA  100 ML ,Arte y Manualidades,1.3
SILICONA LIQUIDA  30 ML ,Arte y Manualidades,0.5
SILICONA LIQUIDA  60 ML ,Arte y Manualidades,0.8
ARBOL DE FLORES CON LUCES ,Arte y Manualidades,25
ARBOL DE LUCES ROJO/VERDE ,Arte y Manualidades,14
ARBOL PQ NAVIDEÑO ,Arte y Manualidades,0
BOLA CHIQUITA /12 PIESAS NAVIDEÑAS ,Arte y Manualidades,2
BOLA GRANDE 6 PIESAS NAVIDEÑA ,Arte y Manualidades,3
BOLA MEDIANA 12 PIESAS NAVIDEÑA ,Arte y Manualidades,4
BOLA MEDIANA CON BRILLO ,Arte y Manualidades,3
BOLA PQ/12 PIEZAS NAVIDEÑA ,Arte y Manualidades,2.5
CHELITA LIMPIA PIPAS ESCARCHADA ,Arte y Manualidades,0.15
CHENILLA ALEX LIMPIA PIPAS ,Arte y Manualidades,0.1
CHENILLA METALICAS ALEX LIMPIA PIPAS ,Arte y Manualidades,0.15
CHENILLA POLIESTER DE COLORES LANCER ,Arte y Manualidades,0.1
CINTA DE DECORACION ,Arte y Manualidades,0.15
CINTA DE DECORACION ,Arte y Manualidades,0.15
ESCARCHA ALEX 2G X VIENEN 16 FUNDAS ,Arte y Manualidades,0.25
ESCARCHA ALEX 2GR x 5 FUNDAS ,Arte y Manualidades,0.25
ESCARCHA DE COLORES PASSOLA DE 20 FUNDAS ,Arte y Manualidades,0.25
ESCARCHA TIPO SALERO SURTIDA ,Arte y Manualidades,0.4
ESTIKERS CON BRILLO ,Arte y Manualidades,0.6
FIGURAS POM POM (POMPONES),Arte y Manualidades,1.7
OJOS ,Arte y Manualidades,0.2
OJOS ALEX SURTIDO ,Arte y Manualidades,0.2
OJOS MAFER # 10,Arte y Manualidades,0.25
OJOS MAFER # 12,Arte y Manualidades,0.25
OJOS MAFER # 14,Arte y Manualidades,0.35
OJOS MAFER # 16,Arte y Manualidades,0.25
OJOS MAFER # 18,Arte y Manualidades,0.3
OJOS MAFER # 20,Arte y Manualidades,0.35
OJOS MAFER # 8,Arte y Manualidades,0.2
STICKER FOSFORECENTE ,Arte y Manualidades,0.5
STICKER PQ SURTIDO ,Arte y Manualidades,0.5
STICKERS DE VARIOS MODELOS ,Arte y Manualidades,0.6
STICKERS FOAM ,Arte y Manualidades,0.8
STIKER FOSFORECENTE ,Arte y Manualidades,0.5
STIKER PQ SURTIDO ,Arte y Manualidades,0.5
STIKER VARIOS MODELOS ,Arte y Manualidades,0.5
ACUARELA ALEX 12 COLORES ,Arte y Manualidades,0.75
ACUARELA ALEX X 12 SUPERIOR 28mm ,Arte y Manualidades,1.5
CRAYONES X 12 COLORES OIL PASTELS ,Arte y Manualidades,1.5
CRAYONEZ DE COLORES CARIOCA ,Arte y Manualidades,1
PINTURA ACRILICA ADHEPTASY  X 6 COLORES DE 60 ML,Arte y Manualidades,1.1
PINTURA ACRILICA ESPECIAL X6 COLRES DE 30 ML,Arte y Manualidades,5.4
PINTURA ACRILICA FRANCO 60 cm3,Arte y Manualidades,1.8
PINTURA FACIAL UTILESA ,Arte y Manualidades,1.9
TEMPERAS CARIOCA + PINCEL ,Arte y Manualidades,1.85
TEMPERAS ESTILO,Arte y Manualidades,1.25
TEMPERAS MI NOTA DE 6 COLORES ,Arte y Manualidades,1.3
TEMPERAS PARCHESITOS + PILCEL,Arte y Manualidades,1.55
PINCEL ALEX PALVULARIO ,Arte y Manualidades,0.7
PINCEL PLANO MI NOTA # 12 ,Arte y Manualidades,1
PINCEL PLANO UTILESA # 12,Arte y Manualidades,1
PINCEL PLANO UTILESA # 4,Arte y Manualidades,0.6
PINCEL PLANO UTILESA # 8,Arte y Manualidades,0.75
PINCEL REDONDO # 16 ,Arte y Manualidades,2
PINCEL REDONDO # 24,Arte y Manualidades,3
PINCEL REDONDO UTILESA # 12,Arte y Manualidades,1
PINCEL REDONDO UTILESA # 4,Arte y Manualidades,0.6
PINCEL REDONDO UTILESA # 8,Arte y Manualidades,0.75
PINCELES ALEX REDONDOS DEL 1 AL 12 ,Arte y Manualidades,0.3
ARCILLA MASAFER 600 ,Arte y Manualidades,2.75
PLASTILINA ALEX BARRA SURTIDA 180 G ,Arte y Manualidades,0.75
PLASTILINA ALEX EN BARRA X 10 200 G ,Arte y Manualidades,1
PLASTILINA ALEX X8 CORTA 75 G,Arte y Manualidades,0.5
PLASTILINA FOSKA DE 97 G,Arte y Manualidades,1
PLASTILINA JUMBO CARIOCA X12 ,Arte y Manualidades,1.4
PLASTILINA LARGA JUNIOR CARIOCA X8 ,Arte y Manualidades,0.9
PLASTILINA PELIKAN EN BARRA 180 G DE COLORES  ,Arte y Manualidades,1.1
PLASTILINA PQ CARIOCA ,Arte y Manualidades,0.5
PLASTILINA PQ PARCHESITO,Arte y Manualidades,0.5
GOMA BIOPLAST 140 GR,Oficina y Archivo,0.6
GOMA BIOPLAST 260 GR,Oficina y Archivo,1
GOMA BIOPLAST 50 GR,Oficina y Archivo,0.55
GOMA EN BARRA BESTER DE 10G. ,Oficina y Archivo,0.4
GOMA EN BARRA BESTER DE 21G. ,Oficina y Archivo,0.6
GOMA EN BARRA BESTER DE 36 G.,Oficina y Archivo,0.75
GOMA EN BARRA BESTER DE 8G,Oficina y Archivo,0.35
GOMA EN BARRA UHU DE 21GR ,Oficina y Archivo,2.2
GOMA EN BARRA UHU DE 21GR ,Oficina y Archivo,3.1
GOMA EN BARRA UHU DE 8GR ,Oficina y Archivo,1.4
GOMA ESCARCHADA X 12 ,Oficina y Archivo,0.5
GRAPA BEKO DE 5000 PCS ,Oficina y Archivo,1
GRAPA JEFF No. 10 X KANGARO,Oficina y Archivo,0.4
GRAPADORA ALEX ECONOMICA ,Oficina y Archivo,1.75
GRAPADORA ALEX EJECUTIVA GR3005,Oficina y Archivo,3.6
GRAPADORA ARTESCO M-527,Oficina y Archivo,4
GRAPADORA BESTER STALPER ,Oficina y Archivo,1.7
GRAPADORA DL0368,Oficina y Archivo,2
GRAPADORA ECO. JH416,Oficina y Archivo,1.6
GRAPADORA ECONOMICA BS-1058A,Oficina y Archivo,1.5
GRAPAS 26/6 1000 PZ,Oficina y Archivo,0.4
GRAPAS ALEX 26/6EC 5000PZ ,Oficina y Archivo,1
GRAPAS ALEX No 26 STAPLES 5000 ,Oficina y Archivo,1
GRAPAS CAJA GRANDE No 26/6 DE 5000 PC,Oficina y Archivo,1
GRAPAS No. 26/6 ,Oficina y Archivo,0.5
GRAPAS PEQUEÑA No 26/6,Oficina y Archivo,0.5
GRAPAS PQ No. 26/6 REXEL ,Oficina y Archivo,0.5
SACAGRAPAS ,Oficina y Archivo,1
CARPETA 2 ANILLOS DE COLORES ,Oficina y Archivo,2.5
CARPETA APLUS CON TAPA TRASPARENTE DE COLORES ,Oficina y Archivo,0.9
CARPETA CARIOCA DE PLASTICO CON TAPA TRASPARENTE ,Oficina y Archivo,0.9
CARPETA CARIOCA SOBRE # 1 DE COLORES ,Oficina y Archivo,0.75
CARPETA CARIOCA TAPA TRASPARENTE ,Oficina y Archivo,1
CARPETA CATALOGO 30 H UTILESA ,Oficina y Archivo,1.35
CARPETA COLGANTE IDEAL X25 ,Oficina y Archivo,1
CARPETA CREATIVE CON TAPA TRASPARENTE ,Oficina y Archivo,1
CARPETA DE PERFIL COLORES PASTEL ,Oficina y Archivo,0.9
CARPETA DE PRECISION PERFILES ,Oficina y Archivo,0.4
CARPETA IDEAL DE COLORES X 50 UNI.,Oficina y Archivo,0.3
CARPETA MANU X UNIDADES DE VARIOS COLORES ,Oficina y Archivo,0.6
CARPETA PEQUEÑA A-5 CARIOCA ,Oficina y Archivo,0.6
CARPETA SIN MARCA CON TAPA DE PLASTICO ,Oficina y Archivo,0.9
CARPETA SOBRE + BROCHE TAMAÑO OFICIO CUA.,Oficina y Archivo,0.6
CARTEPA ACORDION CON ELASTICO CARIOCA ,Oficina y Archivo,4
FOLDER 2 ANILLOS DE COLORES ,Oficina y Archivo,2.6
FOLDER SOBRE A4 YILLEN ,Oficina y Archivo,0.5
FOLDER SOBRE OFICIO ,Oficina y Archivo,1.3
FOLDER SOBRE TAMAÑO OFICIO ,Oficina y Archivo,0.7
PORTA DOC. ACORDEON ,Oficina y Archivo,4.3
PROTECTOR DE HOJAS FINO ,Oficina y Archivo,0.1
PROTECTOR DE HOJAS GRUESO BESTER X100,Oficina y Archivo,0.15
SEPARADOR ALEX PLASTICO A4X5 UNI ,Oficina y Archivo,0.6
SEPARADOR DE HOJAS SENDELI X10  UNI,Oficina y Archivo,0.1
ABACO DE MADERA ,Escolar y Didáctico,5.5
ABACO PLASTICO ,Escolar y Didáctico,4.5
BILLETES DIDACTICOS ,Escolar y Didáctico,0.35
CUADERNO COLOREAME GRANDE PAQ X6 ,Escolar y Didáctico,1
DICCIONARIO CHICAGO ,Escolar y Didáctico,3.5
DICCIONARIO LNS ,Escolar y Didáctico,4.75
FLAUTA DULCES BLANCOS ,Escolar y Didáctico,1.75
LIBRO PARA COLOREAR PPEQUEÑO PAQ X6,Escolar y Didáctico,0.5
ROMPECABEZAS FOMIX APRENDO ESQ. HUMANO ,Escolar y Didáctico,1.5
ROMPECABEZAS GRANDE ,Escolar y Didáctico,2
ROMPECABEZAS PEQUEÑO ,Escolar y Didáctico,1.5
ALMOHADILLA DACTILAR ,Escolar y Didáctico,1
ALMOHADILLA PARA SELLOS ,Escolar y Didáctico,2
ARCHIVADOR ALEX DE COLORES ,Escolar y Didáctico,3
ARCHIVADOR UTILESA ,Escolar y Didáctico,3
ATACHE TACHUELA PARA HACER RELOJES BARRILITO,Escolar y Didáctico,0.1
BLOCK DE NOTAS DE VENTA MI NOTA ,Escolar y Didáctico,1.2
BLOCK DE NOTAS DE VENTA MI NOTA PAPEL PERIODICO ,Escolar y Didáctico,0.6
BLOCKS DE NOTA DE VENTA ALEX,Escolar y Didáctico,1.3
CLIPS ALEX NIQUELADO X 10 ,Escolar y Didáctico,0.3
CONTRATO DE ARRIENDO ,Escolar y Didáctico,0.2
DISPENSADOR DE CINTA ALEX GRANDE ,Escolar y Didáctico,2
DISPENSADOR DE CINTA ALEX MEDIANO,Escolar y Didáctico,1.5
ETIQUETA ADHESIVAS RECTANGULAR COLORES ,Escolar y Didáctico,0.5
ETIQUETA T15A CUADRADO PEQ. VARIOS COLORES ,Escolar y Didáctico,0.5
ETIQUETA T15A RECTANGULAR PEQ. VARIOS COLORES ,Escolar y Didáctico,0.5
LAMINA ROTULADA PAQ X100 ,Escolar y Didáctico,0.1
LETRA DE CAMBIO ,Escolar y Didáctico,0.1
MENBRETE DE HOMBRE Y MUJER ,Escolar y Didáctico,0.3
RECIBERA ,Escolar y Didáctico,0.75
RECIBERA MI NOTA,Escolar y Didáctico,0.75
SOBRE DE CARTA ,Escolar y Didáctico,0.1
SOBRE DE MANILA IDEAL F1 X100 ,Escolar y Didáctico,0.1
SOBRE DE MANILA IDEAL F2 X100 ,Escolar y Didáctico,0.15
SOBRE DE MANILA IDEAL F3 X100 ,Escolar y Didáctico,0.2
SOBRE DE MANILA IDEAL F4 X100 ,Escolar y Didáctico,0.3
SOBRE DE MANILA IDEAL F5 X100 ,Escolar y Didáctico,0.35
TACHUELA METALICA X50 X10 UNIDADES ,Escolar y Didáctico,0.3
TACHUERLA UNIK DE COLORES ,Escolar y Didáctico,0.05
TINTA CHINA COLOR NEGRO PELIKAN,Escolar y Didáctico,1.1
TINTA PARA ALMOHADILLA ,Escolar y Didáctico,1.7
TIZA DE CAL PELIKAN BLANCA  ,Escolar y Didáctico,10
TIZA ESPECIAL UNIVERSITARIA x 144 BLANCA ,Escolar y Didáctico,0.05
TIZA ESPECIAL UNIVERSITARIA x 144 COLOR ,Escolar y Didáctico,0.06
"TIZA LIQUIDA BESTER ROJO, AZUL, NEGRO ",Escolar y Didáctico,0.6
"TIZA LIQUIDA MI NOTA AZUL, NEGRO, ROJO, VERDE ",Escolar y Didáctico,0.5
TIZA LIQUIDA PELIKAN ,Escolar y Didáctico,0.75
CALCULADORA ALEX AL-815NE,Escolar y Didáctico,0
CALCULADORA ALEX CIENTIFICA ,Escolar y Didáctico,5
CALCULADORA CIENTIFICA CASIO FX-350MS ,Escolar y Didáctico,20
CALCULADORA CIENTIFICA CASIO FX-82LA-PLUS ,Escolar y Didáctico,19
CALCULADORA CIENTIFICA CASIO FX-82MS,Escolar y Didáctico,17
CALCULADORA CIENTIFICA CASIO FX-82MS,Escolar y Didáctico,19
CALCULADORA CIENTIFICA JOINUS MODEL JS-350MS-A,Escolar y Didáctico,7
CALCULADORA DE BOLSILLO CASIO ROSA,Escolar y Didáctico,5.5
CALCULADORA KK-837-12S,Escolar y Didáctico,4
CALCULADORA KK-837B KENKO,Escolar y Didáctico,4
CALCULADORA PQ KK-402 ,Escolar y Didáctico,1.5
CALCULADORA SOLAR 12 DIG. FENIX ,Escolar y Didáctico,5.5
BATERIA EVERREDI ,Escolar y Didáctico,2.5
PILA ALEX AA,Escolar y Didáctico,0.5
PILA ALEX AAA,Escolar y Didáctico,0.5
PILA EVEREADY AA VIENE 12 PARES ,Escolar y Didáctico,1
PILA EVEREADY AAA VIENE 10 PARES ,Escolar y Didáctico,1
PILA GRANDE EVEREADY DE CALEFON ,Escolar y Didáctico,1.25
PILA PANA PLUS ,Escolar y Didáctico,1
CARTUCHERA COSMETICO LENTEJUELAS CELESTE ,Escolar y Didáctico,3
CARTUCHERA DE PERSONAJES AVENGERS Y PRINCESAS ,Escolar y Didáctico,2.5
CARTUCHERA ECONOMICA ,Escolar y Didáctico,2
CARTUCHERA ECONOMICA DE PERSONAJES DE 1 SERVICIO,Escolar y Didáctico,1
CARTUCHERA ECONOMICA DE PERSONAJES DE 2 SERVICIO,Escolar y Didáctico,1.5
CARTUCHERA F240 ,Escolar y Didáctico,3.5
CARTUCHERA FROZEN Y BARBIE ,Escolar y Didáctico,3
CARTUCHERA MEONE TIPO COSMETIQUERA ,Escolar y Didáctico,4.5
CARTUCHERA PELUCHE ,Escolar y Didáctico,2.5
CARTUCHERA SET X 3 ROSA ,Escolar y Didáctico,6
CARTUCHERA SONIC 3 SERVICIOS ,Escolar y Didáctico,5.75
CARTUCHERA UNIK NEGRO DISEÑO ZAPATOS No U420-653B,Escolar y Didáctico,0
CARTUCHERA UNIK NEGRO MARIPOSAS No. U600-533,Escolar y Didáctico,0
CARTUCHERA UNIK POP & HOT No 2002,Escolar y Didáctico,3.5
CARTUCHERA UNIK POP & HOT No 2107,Escolar y Didáctico,2.65
CARTUCHERA UNIK POP & HOT No 2706,Escolar y Didáctico,3.25
CARTUCHERA UNIK POP & HOT No 2803,Escolar y Didáctico,3.75
CARTUCHERA UNIK POP & HOT No 6204,Escolar y Didáctico,3
CARTUCHERA UNIK POP & HOT No 8210,Escolar y Didáctico,3.6
CARTUCHERA UNIK POP & HOT No U1188,Escolar y Didáctico,4
CARTUCHERA UNIK POP & HOT No U1194,Escolar y Didáctico,4.5
LOCHERAS CON TOMA TODO,Escolar y Didáctico,5
MOCHILA PARA NIÑOS ,Escolar y Didáctico,8.5
PORTA CREDENCIAL CON CORDON ,Escolar y Didáctico,0.75
PORTA CREDENCIAL CON VINCHA ,Escolar y Didáctico,0.3
TABLERO A4 ALEX CON VINCHA ,Escolar y Didáctico,1.6
TOMATODO BICOLOR ,Escolar y Didáctico,7
TOMATODO DE ERGONOMICO 600 ML,Escolar y Didáctico,3.25
TOMATODO INFANTIL 350 ML ,Escolar y Didáctico,2.6
TOMATODO SPORT 750 ML ,Escolar y Didáctico,2.5
TOMATODODE DE CONFETI 450 ML,Escolar y Didáctico,3.5
AGUJA DE OBERLOK # 90 GEMSY NEEDLES ,Escolar y Didáctico,0.3
"AGUJAS INDUSTRIAL DE MAQ. RECTA, ",Escolar y Didáctico,0.3
AJUGA DE M. RECTA CASERA ,Escolar y Didáctico,0.3
AJUGA GRUESA ,Escolar y Didáctico,0.3
ALFILER DE RUEDA ,Escolar y Didáctico,0.4
ALFILER NORMAL ,Escolar y Didáctico,1.15
BOTON PEQUEÑO PARA TANTOLON X 144 BOTONES ,Escolar y Didáctico,0.03
BOTONES # 24 ,Escolar y Didáctico,0.05
BOTONES GRUESO,Escolar y Didáctico,0.05
CAJA DE AGUJAS DE COSER ,Escolar y Didáctico,0.25
CAJA DE AGUJAS DE COSER CABO GRUESO # (14-90),Escolar y Didáctico,0.3
CARATULAS UNIVERSAL X 10 NIÑ@S,Escolar y Didáctico,1.25
CARTUCHERA F240 ,Escolar y Didáctico,0
CIERRE DE CHOMPA ,Escolar y Didáctico,0.4
CINTA AISLANTE CINTA SCHOT,Escolar y Didáctico,0.6
CINTA AISLANTE SCHOT TAIPE COLORES ,Escolar y Didáctico,0.75
CINTA CRISTALINA ABRO DE 18mm X 50 YARDAS ,Escolar y Didáctico,0.5
CINTA DE EMBALAJE ,Escolar y Didáctico,2.25
CINTA DE EMBALAJE ALEX ,Escolar y Didáctico,1.5
CINTA DE EMBALAJE CAFÉ ,Escolar y Didáctico,1.6
CINTA DE EMBALAJE DE 40 YRS ALEX ,Escolar y Didáctico,0.75
CINTA DE EMBALAJE GD,Escolar y Didáctico,4.75
CINTA DE EMBALAJE TRASP de 48x80,Escolar y Didáctico,1.1
CINTA DE EMBALAJE TRASPARENTE ,Escolar y Didáctico,1.6
CINTA DOBLE FAZ 1.8 CM X 5 YRS UTILEZA ,Escolar y Didáctico,0.8
CINTA DOBLE FAZ 3M.,Escolar y Didáctico,1
CINTA DOBLE FAZ DE 4M.,Escolar y Didáctico,1.2
CINTA DOBLE FAZ ROJA ,Escolar y Didáctico,1
CINTA DOBLE FAZ X 2 ,Escolar y Didáctico,1.5
CINTA MASKING 19mm X 20M ADHEPLAST ,Escolar y Didáctico,0.85
CINTA MASKING ALEX # 1 '',Escolar y Didáctico,1.1
CINTA MASKING ALEX 3/4 ,Escolar y Didáctico,1
CINTA MASKING ALEX 3/4 ,Escolar y Didáctico,1
CINTA MASKING ALEX DE 1/2,Escolar y Didáctico,0.75
CINTA MASKING ANCHA ,Escolar y Didáctico,1.5
CINTA MASKING BAILIDA ,Escolar y Didáctico,1
CINTA METRICA ,Escolar y Didáctico,0.5
CINTA PAITE COLOR BLANO ,Escolar y Didáctico,0.75
CINTA SCHIOOTCH FINA ,Escolar y Didáctico,0.25
CINTA SCHIOOTCH GRUESA ,Escolar y Didáctico,0.35
CINTA SCHOCH TRASPARENTE 1/2 X 36 YARDAS X12 U,Escolar y Didáctico,0.3
CINTA SCHOCH TRASPARENTE 18MM X 25 YARDAS X 12 U,Escolar y Didáctico,0.4
CINTA SCHOCH TRASPARENTE 3/4 X 24 YARDAS X 8 U,Escolar y Didáctico,0.3
CINTA SCHOCH TRASPARENTE 3/4 X 36 YRADAS X8 U,Escolar y Didáctico,0.4
CINTA SCHOTCH INDIVIDUAL DE ABRO DE 18MM X 25 YARDAS ,Escolar y Didáctico,0.4
CINTA TRASPARENTE FINA,Escolar y Didáctico,0.25
CINTA TRASPARENTE GRUESA ,Escolar y Didáctico,0.4
CORDONES NEGROS ,Escolar y Didáctico,0.6
CURITA CURE BAND ,Escolar y Didáctico,0.05
ELASTICO NYLON PARA PULCERAS ,Escolar y Didáctico,0.6
ELEASTICO DELGADO ,Escolar y Didáctico,0.15
HILO PARA MANUALIDADES DE COLORES SEDALINE ,Escolar y Didáctico,0.15
HILOS DE BORDAR ,Escolar y Didáctico,0.8
HOJA DE GILLETE X 20 ,Escolar y Didáctico,1
LIGAS PARA BILLESTES ,Escolar y Didáctico,0.05
PALILLO BAMBU 30CM x 45 ,Escolar y Didáctico,1.5
PALO DE PINCHO FESTIVAL 30CM,Escolar y Didáctico,2.25
PAÑO DE AGUJA ,Escolar y Didáctico,0.8
PAÑOS HUMEDOS HUGGIES ,Escolar y Didáctico,2.3
PAPELOGRAFO DE CUADROS PQ ,Escolar y Didáctico,0.3
PAPELOGRAFO DE CUADROS X25 ,Escolar y Didáctico,0.3
PAPELOGRAFO DE CUADROS X50,Escolar y Didáctico,0.3
PAPELOGRAFO DE LINEAS X 25 ,Escolar y Didáctico,0.3
PEGAMENTO LA DURITA ,Escolar y Didáctico,0.4
PERFORADORA ALEX MODERNA PER 30 ,Escolar y Didáctico,5
PINZA X12 PQ NEGRA ,Escolar y Didáctico,0.6
PIOLA ALGODÓN DE 40G X 12 U.,Escolar y Didáctico,0.6
PORTA MALETIN CON DIV,Escolar y Didáctico,0
SORBETE ,Escolar y Didáctico,0.05
VELAS EXPLOSIVAS ,Escolar y Didáctico,0.75
NOTAS CHISMOSO TRASPARENTE Y DE COLOR ,Escolar y Didáctico,0.8
NOTAS CHISMOSOS STICHY NOTAS GRANDE ,Escolar y Didáctico,0.75
NOTAS CHISMOSOS STICHY NOTAS PQ,Escolar y Didáctico,0.5
NOTAS CHISMOSOS TIPO BANDERA ,Escolar y Didáctico,0.9
NOTAS CHISMOSOS UTILESA ,Escolar y Didáctico,0.75
NOTAS NOEN X 5 COLORES ,Escolar y Didáctico,3.8
NOTAS TIPO BANDERA SKY CHISMOSOS ,Escolar y Didáctico,0.75
NOTAS X4 CHISMOSOS ,Escolar y Didáctico,1
"TIJERA ALEX 6,5'",Corte y Herramientas,1.6
TIJERA ALEX DE 8.3' ,Corte y Herramientas,2.4
TIJERA DE OFICINA 6.5 '' MI NOTA ,Corte y Herramientas,1
TIJERA ECONOMICA ,Corte y Herramientas,0.4
TIJERA ESCOLAR ALEX ,Corte y Herramientas,0.4
TIJERA MI NOTA ESCOLAR ,Corte y Herramientas,0.4
TIJERA PQ #6 ,Corte y Herramientas,0.6
TIJERA SCISSORS,Corte y Herramientas,0.7
TIJERA STAEDTLER ESCOLAR,Corte y Herramientas,2
TIJERAS 3 PIEZAS MUNDALI ,Corte y Herramientas,3.5
COMPAS ALEX SENCILLO ,Corte y Herramientas,1.5
COMPAS DE PRESISION PRECISIO WEIBO,Corte y Herramientas,1.75
COMPAS DE PRESISION UTILESA ,Corte y Herramientas,2.5
CURVIGRAFO APOLO 3 PZS.,Corte y Herramientas,1.3
GRADUADOR ALEX 180° ,Corte y Herramientas,0.3
GRADUADOR APOLO DE 360° ,Corte y Herramientas,0.7
GRADUADOR ARTESCO DE 360°,Corte y Herramientas,0.8
JUEGO GEOMETRICO ALEX + LAPIZ ,Corte y Herramientas,1.5
JUEGO GEOMETRICO APOLO GRANDE APOLO ,Corte y Herramientas,2
JUEGO GEOMETRICO ESTILO No. DE 30 CM ,Corte y Herramientas,1.3
JUEGO GEOMETRICO OFFISOT No. 3,Corte y Herramientas,1.3
JUEGO GEOMETRICO OFFISOT No. 4,Corte y Herramientas,1.8
RAPIDOGRAFO # 01 mm ,Corte y Herramientas,1.2
"RAPIDOGRAFO ARTLINE DRAWING SYSTEM 0,5",Corte y Herramientas,1.75
RAPIDOGRAFO DRAWING DP54 ,Corte y Herramientas,1.2
REGLA ALEX DE 20 cm VIENEN 12 UNIDADES ,Corte y Herramientas,0.3
REGLA ALEX DE 30 cm VIENEN 12 UNIDADES ,Corte y Herramientas,0.4
REGLA APOLO DE 15 CM ,Corte y Herramientas,0.25
REGLA BESTER DE 30CM,Corte y Herramientas,0.4
REGLA DE OVALOS ,Corte y Herramientas,1.1
REGLA OFFISOT DE 30 cm ,Corte y Herramientas,0.45
REGLA UTILESA DE 20CM ,Corte y Herramientas,0.3
SACAPUNTA DE ESCRITORIO DE PERSONAJE ,Corte y Herramientas,4.5
SACAPUNTA INDIVIDUAL ALEX ,Corte y Herramientas,0.25
SACAPUNTA INDIVIDUAL DOBLE PASSOLA ,Corte y Herramientas,0.4
SACAPUNTA UN SERVICIO PASSOLA ,Corte y Herramientas,0.4
SACAPUNTA Y-PLUS DOBLE SERVICIO ,Corte y Herramientas,1
SACAPUNTA Y-PLUS UN SERVICIO  ,Corte y Herramientas,0.6
TABLERO DE DIBUJO TÉCNICO BESTER ,Corte y Herramientas,20
ESPUMA FLEX CIRCULAR # 1,Corte y Herramientas,0.08
ESPUMA FLEX CIRCULAR # 10,Corte y Herramientas,0.6
ESPUMA FLEX CIRCULAR # 2,Corte y Herramientas,0.1
ESPUMA FLEX CIRCULAR # 3 ,Corte y Herramientas,0.15
ESPUMA FLEX CIRCULAR # 4,Corte y Herramientas,0.2
ESPUMA FLEX CIRCULAR # 5,Corte y Herramientas,0.25
ESPUMA FLEX CIRCULAR # 6,Corte y Herramientas,0.3
ESPUMA FLEX CIRCULAR # 7,Corte y Herramientas,0.35
ESPUMA FLEX CIRCULAR # 8,Corte y Herramientas,0.5
ESPUMA FLEX CIURCULAR # 12,Corte y Herramientas,1.25
ESPUMAFLEX A3 DE 2CM,Corte y Herramientas,0.6
ESPUMAFLEX A4 DE 1CM ,Corte y Herramientas,0.3
ESPUMAFLEX A4 DE 2CM ,Corte y Herramientas,0.45
ESPUNA FLEX CIRCULAR # 15 ,Corte y Herramientas,1.6
FIELTRO ,Corte y Herramientas,0.6
FIELTRO SURTIDO DE COLORES ,Corte y Herramientas,0.6
FOMIX  A4 SURTIDO X 10 UNI.,Corte y Herramientas,0.2
FOMIX A4 COLOR LILA X10 ,Corte y Herramientas,0.2
FOMIX A4 COLOR ROJO X10 ,Corte y Herramientas,0.2
"FOMIX A4 DE COLOR PIEL, CAFÉ, VERDE ",Corte y Herramientas,0.2
FOMIX ABECEDARIO  MAFER GRANDE ESCARCHADA,Corte y Herramientas,1.5
FOMIX ABECEDARIO MAFER GD NORMAL ,Corte y Herramientas,1.5
FOMIX ABECEDARIO MAFER MD ,Corte y Herramientas,1.2
FOMIX ABECEDARIO MAFER MEDIANO  ESCARCHADO ,Corte y Herramientas,1.25
FOMIX ABECEDARIO MAFER PQ ,Corte y Herramientas,1.1
FOMIX ABECEDARIO MAFER PQ ESCARCHADO,Corte y Herramientas,1.5
FOMIX ADHESIVO A4 SURTIDO X10 UNI.,Corte y Herramientas,1.25
FOMIX ADHESIVO ESCARCHADO A4 COLORES ,Corte y Herramientas,0.35
FOMIX ADHESIVO PLIEGO SURTIDO X10 UNI.,Corte y Herramientas,0.6
FOMIX ALEX ABC/123,Corte y Herramientas,1
FOMIX ALEX FORMAS 4 SURTIDAS ,Corte y Herramientas,1
FOMIX ALEX PROFESIONES,Corte y Herramientas,1.25
FOMIX CARRUGADO A4 SURTIDO X 10 UNI.,Corte y Herramientas,2.4
FOMIX ESCARCHADO A4 SUTIDO X 10 ,Corte y Herramientas,1.5
FOMIX ESCARCHADO COLOR NEGRO ,Corte y Herramientas,0.3
FOMIX ESCARCHADO PLIEGO X 10 UNI.  ,Corte y Herramientas,1
FOMIX FIGURAS ,Corte y Herramientas,1
FOMIX FIGURAS CREATIVE 3D,Corte y Herramientas,1
FOMIX FIGURAS DE PROFESIONES ,Corte y Herramientas,1.25
FOMIX FLORES DE COLORES X12 ,Corte y Herramientas,1
FOMIX FLORES GIRASOLEZ ,Corte y Herramientas,1
FOMIX FORMAS MANUALIDADES ,Corte y Herramientas,1.25
FOMIX FRUTAS MANUALIDADES ,Corte y Herramientas,1.25
FOMIX LETRAS ESCARCHADAS GRANDE ,Corte y Herramientas,1.25
FOMIX LETRAS ESCARCHADAS PQ,Corte y Herramientas,1
FOMIX METALIZADO X 10 CVOLORES ,Corte y Herramientas,0.3
FOMIX MOLDEABLE DE X 12 COLORES ,Corte y Herramientas,1.25
FOMIX MOLDEABLE INDIVIDUAL,Corte y Herramientas,1
FOMIX TOALLA A4 SURTIDO POR 10 UNI.,Corte y Herramientas,0.35
FOMIX VARIOS  MANUALIDADES ,Corte y Herramientas,1.25
FOMIX VARIOS ANIMALES 5 SURTIDO ,Corte y Herramientas,1.25
FOMIX VARIOS MODELOS ,Corte y Herramientas,0.5
LAMINA CORRUGADO A4 COLORES X 10 UNI,Corte y Herramientas,1.1
LAMINA CORRUGADO METALICO X 10 UNI.,Corte y Herramientas,1.7
LANA ESCOLAR ,Corte y Herramientas,0.5
LANA ESCOLAR EXPRESO ,Corte y Herramientas,0.5
PALETA BAJA LENGUA DE COLOR ,Corte y Herramientas,1.75
PALETA BAJA LUNGUA NATURAL ,Corte y Herramientas,1.5
PALETA DE HELADO BLANCA ,Corte y Herramientas,0.75
PALETA DE HELADO COLOR ,Corte y Herramientas,1.25
PLANO DE ESPUMAFLES DE 1 CM DE50X50 CM ,Corte y Herramientas,0.5
PLANO DE ESPUMAFLEX DE 2 CM  DE 50X50CM,Corte y Herramientas,0.9
PLANO DE ESPUMAFLEX TAM A4 X10 ,Corte y Herramientas,0.25
PLIEGO DE FOMIX ESCARCHADO ,Corte y Herramientas,1.25
BASE DE MAQUILLAJE EN POLVO CON ESPEJO USHAS ,Belleza y Cuidado Personal,3.5
BASE DE MAQUILLAJE EN POLVO NUDE STYLE ,Belleza y Cuidado Personal,2
BASE DE MAQUILLAJE FIT ,Belleza y Cuidado Personal,4.5
BASE LIQUIDA,Belleza y Cuidado Personal,4.5
BASE LIQUIDA DE MAQUILLAJE PINK KEY ,Belleza y Cuidado Personal,4
BASE LIQUIDA IAM USHAS ZAR-FS296B BLISTER,Belleza y Cuidado Personal,7
BLUSH RUDOR PARA MEJILLAS ,Belleza y Cuidado Personal,1.75
BRILLO LABIAL BALSAMO ,Belleza y Cuidado Personal,1.5
BRILLO LABIAL BALSAMO CHUPETE,Belleza y Cuidado Personal,1.25
BRILLO LABIAL MISS BETTY ,Belleza y Cuidado Personal,1.5
BRILLO LABIAL QUE CAMBIA DE COLOR ,Belleza y Cuidado Personal,1.75
BRILLO LABIAL YABAoLIAN ,Belleza y Cuidado Personal,2
BROCHA DE MAQUILLAJE INDIVIDUAL ,Belleza y Cuidado Personal,1
CORRECTOR DE OJOS BASE ,Belleza y Cuidado Personal,2
CORRECTOR LIQUIDO,Belleza y Cuidado Personal,2.5
CORRECTOR STICK FEBBLE X6 ZAR-FS269B BLISTER,Belleza y Cuidado Personal,2.8
DELINEADOR LUZETE NEGRO / CAFE 8GR 11828 27033,Belleza y Cuidado Personal,3.25
ESPONJA FACIAL VICKY,Belleza y Cuidado Personal,0
ESTRELLA PARA LA FRENTE FACE GAM STICKER ,Belleza y Cuidado Personal,0
FACE PAINT COLOR FULL PARA PINTAR LA CARA ,Belleza y Cuidado Personal,2
FIJADOR DE CABELLO ,Belleza y Cuidado Personal,3.75
FIJADOR DE PESTAÑAS CEJAS YABAoLIAN ,Belleza y Cuidado Personal,2
LABIAL 3D LIP ROSSETO MATTE ,Belleza y Cuidado Personal,3
LABIAL MAGIC LIP OIL KARITE,Belleza y Cuidado Personal,0
LABIAL MAGICOS ,Belleza y Cuidado Personal,1.5
LABIAL MATE SARKI SWEETIE,Belleza y Cuidado Personal,1.5
LABIAL MATE VIVID Y CHARM ,Belleza y Cuidado Personal,2
LABIAL MOISTENING KARITE ,Belleza y Cuidado Personal,0
LABIALES VELVET MATTE ,Belleza y Cuidado Personal,1.5
LAPIZ CON SACA PUNTA PARA OJOS ,Belleza y Cuidado Personal,0
LAPIZ CON SACAPUNTA PARA LABIOS ,Belleza y Cuidado Personal,1
LAPIZ DE CEJA + BROCHA ZAR-P1007 BLISTER 48- BULTO 2304,Belleza y Cuidado Personal,0
LAPIZ DELINEADOR ,Belleza y Cuidado Personal,1
LAPIZ DELINEADOR 18 BROWN ITALIA ,Belleza y Cuidado Personal,1.25
LAPIZ DELINEADOR BICOLOR ,Belleza y Cuidado Personal,2
LAPIZ DELINEADOR DE COLORES PARA OJOS ,Belleza y Cuidado Personal,1
LAPIZ DELINEADOR DE OJOS COLOR BLANCO,Belleza y Cuidado Personal,1
LAPIZ DELINEADOR NEGRO ,Belleza y Cuidado Personal,0.5
PESTAÑINA-RIMEL LUZETE DE VOGUE 8 gr WATERPROOF BL X,Belleza y Cuidado Personal,3.25
PIGMENTOS NEON ,Belleza y Cuidado Personal,2
POLVO COMPACTO,Belleza y Cuidado Personal,2.75
POLVO COMPACTO AMY BEAUTY BL X 12 PCS AMY-MK-975(15#),Belleza y Cuidado Personal,3.5
POLVO STUDIO FIX POWDER FLAWLESS SKIN KISS BEAUTY BL,Belleza y Cuidado Personal,6
RIMEL MASCARA WATERPROOF USHAS ,Belleza y Cuidado Personal,2.5
RIMEL USHAS ZAR-MA1044 BLISTER 12 -BULTO 1152,Belleza y Cuidado Personal,2.25
SET DE BROCHAS PARA MAQUILLAJE ,Belleza y Cuidado Personal,2
SOMBRA DE POLVO NEON ,Belleza y Cuidado Personal,1
SOMBRAS DE OJOS COOKIES USHAS DE 10 COLORES ,Belleza y Cuidado Personal,4.25
PEGA DE PESTAÑA ,Belleza y Cuidado Personal,1
PEGA PESTAÑAS ARDELL ,Belleza y Cuidado Personal,1.7
PEINILLAS PESTAÑAS,Belleza y Cuidado Personal,0.75
PERLAS ADHESIVAS ,Belleza y Cuidado Personal,1.25
PESTAÑA 3D FASHION EYELASH ,Belleza y Cuidado Personal,1.25
PESTAÑA 5D JIEFEIBEAUTY,Belleza y Cuidado Personal,1.5
PESTAÑA AMY BEAUTY POR NUMEROS ,Belleza y Cuidado Personal,1.25
PESTAÑA HUDABEAUTY,Belleza y Cuidado Personal,2
"PESTAÑA INDIVIDUAL USHAS No. 10m, 12m, 14m ",Belleza y Cuidado Personal,1.5
PESTAÑAS 3D JIEFEIBEAUTY,Belleza y Cuidado Personal,1.5
PESTAÑAS BEAUTY  ,Belleza y Cuidado Personal,0.6
PESTAÑAS EN CAJ PLATEADA,Belleza y Cuidado Personal,2.75
PESTAÑAS HAIR AMY BEAUTY 3D ,Belleza y Cuidado Personal,2.5
PESTAÑAS NATURALES,Belleza y Cuidado Personal,1.25
PESTAÑAS VIKY ,Belleza y Cuidado Personal,0.75
PINZA DE CEJAS ,Belleza y Cuidado Personal,0.6
PINZA DEPILA CEJAS MAX FACTOR  ,Belleza y Cuidado Personal,1.3
RISADOR DE PESTAÑA ,Belleza y Cuidado Personal,1
RIZADOR DE PESTAÑA AMYBEAUTY DE COLORES ,Belleza y Cuidado Personal,1
RIZADOR DE PESTAÑA AMYBEAUTY PLATEADO ,Belleza y Cuidado Personal,1
RIZADOR DE PESTAÑAS AMY ,Belleza y Cuidado Personal,1
ALICATE METALICO PARA CUTICULAS AMY ,Belleza y Cuidado Personal,2.5
CORTA UÑAS,Belleza y Cuidado Personal,1
CORTA UÑAS GIGANTE MATE VICKY,Belleza y Cuidado Personal,1.25
CORTA UÑAS GRANDE ,Belleza y Cuidado Personal,1
CORTA UÑAS GRANDE VICKY,Belleza y Cuidado Personal,1
CORTA UÑAS NIÑO,Belleza y Cuidado Personal,0.75
ESMALTE  ECONOMICO ,Belleza y Cuidado Personal,1.5
ESMALTE BARDOT BARIOS COLORES ,Belleza y Cuidado Personal,2
ESMALTE BARDOT PEQ. GLITTER,Belleza y Cuidado Personal,2.6
ESMALTE DANNYS ,Belleza y Cuidado Personal,1
ESMALTE DECORATIVO ,Belleza y Cuidado Personal,2
ESMALTE ECONOMICO,Belleza y Cuidado Personal,0.5
ESMALTE JEANS SCENE ,Belleza y Cuidado Personal,1
ESMALTE JEANS SURTIDO ,Belleza y Cuidado Personal,1
ESMALTE LILA PASTEL LOVE YOUR NAILS AMY,Belleza y Cuidado Personal,1.5
ESMALTE SOFIA ECONOMICO ,Belleza y Cuidado Personal,0.5
KITES QUITA ESMALTE DE 45ML ,Belleza y Cuidado Personal,1.15
LIMA ACRILICA ,Belleza y Cuidado Personal,1
LIMA DE CARTON ,Belleza y Cuidado Personal,0.2
LIMA DE METAL DOBLE PUNTA CON PATA DE CABRA ,Belleza y Cuidado Personal,0.5
LIMAS CON SACA CUTICULA ,Belleza y Cuidado Personal,0.6
PEGA DE UÑAS ,Belleza y Cuidado Personal,1
PEGA UÑAS PINK KEY ,Belleza y Cuidado Personal,1.5
QUITA ESMALTE ACETOMA ,Belleza y Cuidado Personal,0.5
REMOVEDOR DE ESMALTE ,Belleza y Cuidado Personal,1.5
SACA CALLO,Belleza y Cuidado Personal,1.5
SACA CUTICULA,Belleza y Cuidado Personal,1
SET MANICURE X5 AMY BEAUTY BL X 12 BULTO X 300 ZAR-15,Belleza y Cuidado Personal,3.75
SET MANICURE ZINGER 11PCS 15032-31,Belleza y Cuidado Personal,5
STIKERS DE UÑAS LOLA ,Belleza y Cuidado Personal,0.5
UÑA OVAL NORMALES USHAS BLISTER 12PCS,Belleza y Cuidado Personal,2.3
UÑAS CON DIFERENTES DISEÑOS PINK KEY ,Belleza y Cuidado Personal,2
UÑAS CUADRADAS ESFECTO ESPEJO/NORMALES USHAS CT319,Belleza y Cuidado Personal,0
UÑAS NEW YAZIMJ ,Belleza y Cuidado Personal,1
UÑAS ONLY BEAUTY ECONOMICAS ,Belleza y Cuidado Personal,1
UÑAS OVAL EFECTO ESPEJO CT259 USHAS BLISTER 12PCS,Belleza y Cuidado Personal,2.3
UÑAS OVAL EFECTO OJO DE GATO CT260 USHAS BLSITER 12PCS,Belleza y Cuidado Personal,2.6
UÑAS OVAL MATTE USHAS CT257 BLISTER 12PCS,Belleza y Cuidado Personal,2.3
UÑAS POSTIZAS NAIL ,Belleza y Cuidado Personal,1.5
ACEITE DE COCO ,Belleza y Cuidado Personal,0.75
ACEITE PARA BB ,Belleza y Cuidado Personal,0.6
ALGODÓN DOMESANA,Belleza y Cuidado Personal,0
CREMA DE PIENAR HIDRATANTE VINI ,Belleza y Cuidado Personal,5
MASCARILLA NEGRA ,Belleza y Cuidado Personal,2.5
MASCARILLA NEGRA DE ALOE VERA EN TUBO,Belleza y Cuidado Personal,3
MENTICOL CALSICO ,Belleza y Cuidado Personal,2.5
NAITE SAN TUPAI ,Belleza y Cuidado Personal,1
PEINE DE PLASTICO DE COLORES CC1009,Belleza y Cuidado Personal,0.3
PEINE TRINCHE X12 ,Belleza y Cuidado Personal,0
PEINILLA LARGA DE COLORES VANDUX ,Belleza y Cuidado Personal,0.5
PEINILLA PLASTICA GRANDE DE COLORES ,Belleza y Cuidado Personal,0.5
PEINILLA SET DE 10 ,Belleza y Cuidado Personal,3.5
PEINILLA VANDUX SAPITO ,Belleza y Cuidado Personal,35
PEINILLA X12 MANGO RAYADO ,Belleza y Cuidado Personal,0.5
PEINILLA X20,Belleza y Cuidado Personal,0.2
PEINILLAS x 20 ,Belleza y Cuidado Personal,1.75
PERFUME + CREMA PARA MUJER ,Belleza y Cuidado Personal,6
PERFUME COLONIA SPLASH,Belleza y Cuidado Personal,7
PERFUME DE 3 GRANDE PARA HOMBRE Y MUJER ,Belleza y Cuidado Personal,15
PERFUME DE MUJER ,Belleza y Cuidado Personal,6
PERFUME DE NIÑO Y NIÑA ,Belleza y Cuidado Personal,9
PERFUME LARGO PARA JOVENES ,Belleza y Cuidado Personal,2
SEPILLO CABELLO PLANO 904,Belleza y Cuidado Personal,2
SEPILLO CABELLO PLANO 906,Belleza y Cuidado Personal,1.75
SEPILLO DE CABELLO 8869,Belleza y Cuidado Personal,3
SEPILLO REDONDE DE CABELLO ,Belleza y Cuidado Personal,2
ALCANCIA PEQUEÑA ,Accesorios y Bisutería,0.5
BILLETERA CON BROCHE ,Accesorios y Bisutería,8
BILLETERA CON CIERRE,Accesorios y Bisutería,7
BILLETERA CON ESPEJO ,Accesorios y Bisutería,3
BILLETERA TIPO AGENDA ,Accesorios y Bisutería,8
BILLETERA TIPO CHEQUERA ,Accesorios y Bisutería,8
CARTERA CON JALADERA ,Accesorios y Bisutería,8.5
CARTERA DE CUADROS ,Accesorios y Bisutería,12
CARTERA GRANDE CON CIERRES,Accesorios y Bisutería,13
CARTERA PARA SEÑORITAS,Accesorios y Bisutería,8.5
CARTERA PEQUELA CON CIERRES ,Accesorios y Bisutería,12
CARTERA UNICORNIO ,Accesorios y Bisutería,5.5
CARTERA VARIOS DISEÑOS ,Accesorios y Bisutería,10
COSMETIQUERA DE CLORES ,Accesorios y Bisutería,6
COSMETIQUERA X 3,Accesorios y Bisutería,7
ESPEJO RECTANGULAR # 3 PEQUEÑO,Accesorios y Bisutería,1
ESPEJOS,Accesorios y Bisutería,1
ESPEJOS REDONDO DE PLASTICO ,Accesorios y Bisutería,2.5
GORRA DE NIÑO,Accesorios y Bisutería,6
GORRO PQ NAVIDEÑO BRILLO ,Accesorios y Bisutería,1.5
GUANTES DE TELA PARA DESFILE ,Accesorios y Bisutería,1
LLAVERO CON MANILLA DE PERSONAJES,Accesorios y Bisutería,2
LLAVERO DE OSO X 12 ,Accesorios y Bisutería,1
LLAVERO DE PERFUME Y LUNA,Accesorios y Bisutería,2
LLAVERO DE PERSONAJES COMICOS GD ,Accesorios y Bisutería,2
LLAVERO DE PERSONAJES COMICOS PQ ,Accesorios y Bisutería,1
LLAVERO LASER LINTERNA ,Accesorios y Bisutería,1
LLAVEROS DE LA PATRULLA TIPO PELUCHE CANINA ,Accesorios y Bisutería,2.75
LLAVEROS DE UNICORNIO TIPO PELUCHE DE 12CM.,Accesorios y Bisutería,1.5
MONEDERO DE LETEGUELAS CC2232,Accesorios y Bisutería,1.5
MONEDERO DE MUÑEQUITA CC1454,Accesorios y Bisutería,1.5
MONEDERO DE MUÑEQUITASA CC1337,Accesorios y Bisutería,1.5
MONEDEROS MONKEY,Accesorios y Bisutería,2.75
MONEDEROS POPIS,Accesorios y Bisutería,4
VILLETERA TIPO AGENDA ,Accesorios y Bisutería,8.5
CINTILLO ,Accesorios y Bisutería,1
CINTILLOS DE MUJER ,Accesorios y Bisutería,1.5
DIADEMA BLANCA ,Accesorios y Bisutería,0.8
DIADEMA CON OJAS DE ARBOL TRASPARENTE ,Accesorios y Bisutería,0.9
DIADEMA DE NIÑA CON DISEÑOS ,Accesorios y Bisutería,2
DIADEMA LAZO MAYA ,Accesorios y Bisutería,1
DIADEMA NEGRA ,Accesorios y Bisutería,0.75
DIADEME CON PEINE ,Accesorios y Bisutería,0.75
DONA DE CABELLO ,Accesorios y Bisutería,0.8
FUNDA DE MOÑOS PEQUEÑOS ,Accesorios y Bisutería,1
FUNDA DE MOÑOS PEQUEÑOS DE COLORES FOSFORECENTES ,Accesorios y Bisutería,0.5
INVISIBLE MUSHEE CJ ,Accesorios y Bisutería,1.3
LASO PEQUEÑO,Accesorios y Bisutería,0.75
LAZO CON LIGA DE COLOR NEGRO Y BLANCO ,Accesorios y Bisutería,1.5
LIGA EN TUBO PEQUEÑO ,Accesorios y Bisutería,0.5
LIGA OSITA CC190,Accesorios y Bisutería,0.6
LIGA PARA CABELLO COLOR NEGRO Y BLANCO ,Accesorios y Bisutería,0.4
LIGAS DE COLOR 30 PAK ,Accesorios y Bisutería,1
LIGAS TUBO ,Accesorios y Bisutería,0.5
LIGAS TUBO ,Accesorios y Bisutería,1.7
MOÑO BLANCO Y NEGRO,Accesorios y Bisutería,0.5
MOÑO DE GAMUSA ,Accesorios y Bisutería,0.5
MOÑO LAZO BLANCO ,Accesorios y Bisutería,1.25
MOÑO LIGA DE COLOR X 6 ,Accesorios y Bisutería,0.5
MOÑO PEQUEÑO,Accesorios y Bisutería,0.5
MOÑO X12,Accesorios y Bisutería,1
MOÑOS BLANCO,Accesorios y Bisutería,0.5
MOÑOS DE COLORES,Accesorios y Bisutería,0.5
MOÑOS DE PELO BLANCO NEGRO CC1377,Accesorios y Bisutería,0.25
PINCHO PELUQUERO PINZAN DE CABELLO NEGRO ,Accesorios y Bisutería,0.5
PINZA DE CABELLO GRANDE DE COLORES ,Accesorios y Bisutería,1.25
PINZA DE CABELLO PQ DE COLORES ,Accesorios y Bisutería,0.6
PINZA DE OSO DE NIÑA ,Accesorios y Bisutería,1
PIOJITOS PARA CABELLO B/N,Accesorios y Bisutería,1
SET DE PELO,Accesorios y Bisutería,3
TIRA DE VINCHA ,Accesorios y Bisutería,0.6
VINCHA AUTOMATICA GRANDE ,Accesorios y Bisutería,2
VINCHA AUTOMATICA PEQUEÑA ,Accesorios y Bisutería,1.25
VINCHA BANANA ,Accesorios y Bisutería,1
VINCHA BARRA ,Accesorios y Bisutería,0.25
VINCHA CON ARETE ,Accesorios y Bisutería,1
VINCHA CON PIOJO DENIÑA ,Accesorios y Bisutería,1.25
VINCHA DE FRUTAS ,Accesorios y Bisutería,1
VINCHA DE LASO BLANCO ,Accesorios y Bisutería,1.25
VINCHA DE LAZO BANCO GD ,Accesorios y Bisutería,1
VINCHA DE PINZA PEQUEÑA ,Accesorios y Bisutería,0.5
VINCHA DE PINZA PQ,Accesorios y Bisutería,0.5
VINCHA FLOR Y MUÑECA CC1418,Accesorios y Bisutería,0.5
VINCHA LASO BLANCO ,Accesorios y Bisutería,0.8
VINCHA LASO COLORES ,Accesorios y Bisutería,0.8
VINCHA LAZO CC1425 Y VINCHA EXTRA ,Accesorios y Bisutería,1.25
VINCHA MINE,Accesorios y Bisutería,1
VINCHA OJITOS ,Accesorios y Bisutería,0.5
VINCHA PEQUEÑA ,Accesorios y Bisutería,0.3
VINCHA PINZA DE COLOR SENCILLA ,Accesorios y Bisutería,0.4
VINCHA PINZA GRANDE ,Accesorios y Bisutería,1
VINCHA PINZA GRANDE  DE FLOR ,Accesorios y Bisutería,1.25
VINCHA PINZAPEQUEÑA DE CABELLO FLOR ,Accesorios y Bisutería,0.5
VINCHAS,Accesorios y Bisutería,3
ARETE BOTON ECONOMICO ,Accesorios y Bisutería,0.25
ARETE CORFIEL LARGO,Accesorios y Bisutería,3
ARETE CORFIEL NIÑA ,Accesorios y Bisutería,2
ARETE DE ACERO DE COLORES ,Accesorios y Bisutería,3.5
ARETE DE ARGOLLA DE FLOR Y MARIPOSA ,Accesorios y Bisutería,3.5
ARETE DE ARGOLLA DE NIÑA ANIMADOS ,Accesorios y Bisutería,2
ARETE DE ARGOLLA GRANDE ,Accesorios y Bisutería,1
ARETE DE ARGOLLA PQ,Accesorios y Bisutería,1.5
ARETE MAGNETICO DE BOTON ,Accesorios y Bisutería,0.6
COLGANTE GRUESO DE VARIOS DISEÑOS ,Accesorios y Bisutería,1.5
COLLARES CON PERLAS ,Accesorios y Bisutería,6
CORROS DE NIÑ@S,Accesorios y Bisutería,2
COLLAR DE GATO & PERRO ,Hogar y Mascotas,1
COLLAR DE PERRO & GATO ,Hogar y Mascotas,1
COLLAR PARA GATO NEON RATON ,Hogar y Mascotas,1.5
CORREA DE PERRO BIEN GRUESO 60,Hogar y Mascotas,3.5
CORREA DE PERRO GRUESO ,Hogar y Mascotas,2.5
CORREA DE PERRO GRUESO  ,Hogar y Mascotas,2.5
TIJERA ALEX # 8 ALEX ,Hogar y Mascotas,2.25
TIJERA CORTA HILACHAS ,Hogar y Mascotas,1
TIJERA PARA CABELLO SCISSORS ,Hogar y Mascotas,0
TIZA DE SASTRE X CAJA ,Hogar y Mascotas,0.3
ALMOHADA CORAZON ,Hogar y Mascotas,7
ALMOHADA EMOGI ,Hogar y Mascotas,6
ALMOHADAS PAT DE FELPA,Hogar y Mascotas,11
ALMOHADAS PAT MIC ,Hogar y Mascotas,8
ARMADOR DE ROPA ,Hogar y Mascotas,4
ARMADORES ,Hogar y Mascotas,3
CORTINA CUADRO ,Hogar y Mascotas,2
CORTINA CUADRO DE HONDAS ,Hogar y Mascotas,2
CORTINA FLECHA,Hogar y Mascotas,1.75
CORTINAS SANTI ,Hogar y Mascotas,1.25
FLOR GIRASOL ,Hogar y Mascotas,2
FLORES ARTIFICIALES ,Hogar y Mascotas,1
PORTA RETRATO GREANDE ,Hogar y Mascotas,1
PORTA RETRATO MEDIANO ,Hogar y Mascotas,5
PORTA RETRATO PEQUEÑO ,Hogar y Mascotas,4
RAMO DE FLORES ,Hogar y Mascotas,3
TABLA FINA DE PICAR ,Hogar y Mascotas,2.5
TAZA + FLOR ,Hogar y Mascotas,5
TAZA + OSITO AL COSTADO ,Hogar y Mascotas,6.5
TAZA + OSO SOBRE EL BASO ,Hogar y Mascotas,6.5
TAZA OSITO FLORES PEQUEÑAS 0910,Hogar y Mascotas,8
ALAS DE MARIPOSA ,Fiestas y Juguetes,2.5
BANDERIN DE ESCARCHA FELIZ CUMPLEAÑOS,Fiestas y Juguetes,1.5
BANDERIN GIRNALDA LLANO ,Fiestas y Juguetes,1
BANDERIN HALLOWEEN ,Fiestas y Juguetes,1.5
BANDERIN HALLOWEEN ,Fiestas y Juguetes,1.5
BASE ACRILICA CON LUCES ,Fiestas y Juguetes,5.5
BASE ACRILICA PARA GLOBOS ,Fiestas y Juguetes,3
BASE DE GLOBOS CON SU BASE TRASPARENTE ,Fiestas y Juguetes,0.3
BLISTER 41 PIEZAS ARCO DE GLOBOS ,Fiestas y Juguetes,7
BLISTER CROMADO ESTAMPADO FELIZ CUMPLEAÑOS ,Fiestas y Juguetes,4
BUQUET DE GLOBOS DIA DE LA MADRE ,Fiestas y Juguetes,3
BUQUET DE GLOBOS FELIZ CUMPLEAÑOS 90 PIESAS ,Fiestas y Juguetes,10
CAJA CORAZON ,Fiestas y Juguetes,1
CAJA DE REGALO CHIQUITA COLOR PASTEL ,Fiestas y Juguetes,1
CAJA DE REGALO DE FELIZ CUMPLEAÑOS ,Fiestas y Juguetes,1.5
CAJA DE REGALO DE OSOS MEDIANA ,Fiestas y Juguetes,3
CAJA DE REGALO FELIZ DIA NEGRA ,Fiestas y Juguetes,2
CAJA DE REGALO GRANDE ,Fiestas y Juguetes,3.5
CAJA DE REGALO GRANDE CORAZON,Fiestas y Juguetes,3.5
CAJA DE REGALO GRANDE PASTEL ,Fiestas y Juguetes,3.5
CAJA DE REGALO OSO,Fiestas y Juguetes,1.5
CAJA DE REGALO PARA GOLOSINAS ,Fiestas y Juguetes,1
CAJA DE REGALO PQ PASTEL ,Fiestas y Juguetes,1.5
CAJA DE REGALO SENCILLO ,Fiestas y Juguetes,1.5
CAJA DE REGALO SUPER GRANDE ,Fiestas y Juguetes,4
CALABAZA CON BRUJA ,Fiestas y Juguetes,2
CINTA # 2 ,Fiestas y Juguetes,20
CINTA # 3,Fiestas y Juguetes,0.1
CINTA # 5,Fiestas y Juguetes,0.25
CINTA DE TELA DELGADA  RIOBAMBA,Fiestas y Juguetes,0.2
CINTA DE TELA GRUESA DE 4CM VARIOS COLORES ,Fiestas y Juguetes,0.3
CINTA DECORATIVA ,Fiestas y Juguetes,0.1
CINTA DECORATIVA COLOR ROJO 13.80 CROSS,Fiestas y Juguetes,1.25
CINTA GRUESA RIOBAMBA,Fiestas y Juguetes,0.2
CINTA RUCHES VARIOS COLORES ,Fiestas y Juguetes,0.8
CORONITAS X50 ,Fiestas y Juguetes,0.25
ESPIGA FLOR LUZ ,Fiestas y Juguetes,2.5
EXPLOSIVO DE 30CM.,Fiestas y Juguetes,2
EXPLOSIVO PARTY POPPER DE 40CM ,Fiestas y Juguetes,2.5
EXTENCION 15 FT LAZOS PARA LOS REGALOS ,Fiestas y Juguetes,0.25
GIRNALDA BRILLO HOJA VERDE ,Fiestas y Juguetes,1
GIRNALDA FELIZ CUMPLEAÑOS ,Fiestas y Juguetes,1.5
GIRNALDA FELIZ CUMPLEAÑOS ,Fiestas y Juguetes,1.5
GIRNALDA X 12 BRILLO SENCILLO ,Fiestas y Juguetes,1
GIRNALDA X12 BRILLO /PUNTA ,Fiestas y Juguetes,1
GIRNALDA X12 BRILLO 2 COLORES ,Fiestas y Juguetes,1
GIRNALDA X12 BRILLO COLOR ,Fiestas y Juguetes,1
GIRNALDA X12 BRILLO ESTRECHO ,Fiestas y Juguetes,1
GIRNALDA X12 BRILLO RECTO,Fiestas y Juguetes,1
GIRNALDA X12 BRILLO REDONDO ROJO Y CARDENILLO ,Fiestas y Juguetes,1
GLOBO #12,Fiestas y Juguetes,0.1
GLOBO BURBUJA DECORADOS ,Fiestas y Juguetes,2.5
GLOBO CARNAVALERO ,Fiestas y Juguetes,1
GLOBO FRASE BIENVENIDOS ,Fiestas y Juguetes,4.5
GLOBO FRASE MI BAUTIZO ,Fiestas y Juguetes,4
GLOBO FRASE MI CONFIRMACIÓN ,Fiestas y Juguetes,5.5
GLOBO FRASE MI PRIMERA COMUNIÓN ,Fiestas y Juguetes,6
GLOBO FRASE MIS QUINCE ,Fiestas y Juguetes,3
GLOBO FUXIA ,Fiestas y Juguetes,4.5
GLOBO GROMADO DE 100 UNIDADES ,Fiestas y Juguetes,7.5
GLOBO MUMERO DE COLORES # 32'' ,Fiestas y Juguetes,1
GLOBO NUMERO INFLABLE COLOR ORO ,Fiestas y Juguetes,1
GLOBO NUMERO INFLABLE COLOR PLATA  ,Fiestas y Juguetes,1
GLOBO PEQUEÑO DIA DEL PADRE ,Fiestas y Juguetes,0.5
GLOBO PEQUEÑO FRACES DE AMOR ,Fiestas y Juguetes,0.4
GLOBO X 7 PCS HALLOWEEN ,Fiestas y Juguetes,1.5
GLOBOS CORAZON 50 UNI.,Fiestas y Juguetes,0.1
GLOBOS DE COLOR BLANCO BALLON ,Fiestas y Juguetes,0.1
GLOBOS DE COLOR NEGRO Y NARANJA DE 100 UNI.,Fiestas y Juguetes,0.1
GLOBOS DE COLORES CELINA ,Fiestas y Juguetes,0.1
GLOBOS MATE HOLOGRAFICO ,Fiestas y Juguetes,1
GLOBOS PERSONAJES SURTIDO ,Fiestas y Juguetes,1.5
INFLABLE FELIZ CUMPLEAÑOS COLGANTE ,Fiestas y Juguetes,2.75
INFLADORES ECONOMICOS ,Fiestas y Juguetes,2
PALO BASE DE GLOBO EXTRA FINO ,Fiestas y Juguetes,0.1
PAQ. VELAS VOLCANICAS ,Fiestas y Juguetes,4
PAQUETE DE SORPRESAS DE 12 UNIDADES ,Fiestas y Juguetes,2
PEGAMENTO PARA GLOBOS ,Fiestas y Juguetes,0.8
POMPOM ,Fiestas y Juguetes,0.15
POPIS,Fiestas y Juguetes,8
SET DE GLOBOS DE GRADO ,Fiestas y Juguetes,5
SET DE GLOBOS DE PERSONAJES,Fiestas y Juguetes,2.5
SET DE GLOBOS PARA GRADO GRANDE ,Fiestas y Juguetes,11
TELARAÑA ,Fiestas y Juguetes,1.5
TOPPER FELIZ CUMPLEAÑOS BARIOS MOTIVOS ,Fiestas y Juguetes,1
TOPPER PERSONALIZADO FLORES ,Fiestas y Juguetes,1.2
TOPPER PERSONALIZADO FRASES DE AMOR ,Fiestas y Juguetes,1
TOPPER PERSONAlIZADO VARIADO ,Fiestas y Juguetes,1.5
VELA NUVE FELIZ CUMPLEAÑOS,Fiestas y Juguetes,1.25
VELA REDONDA FELIZ CUMPLEAÑOS,Fiestas y Juguetes,1.25
VELA VOLCANICA ,Fiestas y Juguetes,1
VELA X12 NUMEROS SURTIDO  ,Fiestas y Juguetes,0.5
VELA X12 NUMEROS SURTIDO ESCARCHADA ,Fiestas y Juguetes,0.5
VELA X12 SIGNO DE INTERROGACION ,Fiestas y Juguetes,0.5
VELAS FELIZ CUMPLEAÑOS Y HAPPY BRIDAY,Fiestas y Juguetes,1.5
"VELAS NUMERICAS, AZUL, ROSADA, DORADA ",Fiestas y Juguetes,0.5
VINIL FELIZ CUMPLEAÑOS ,Fiestas y Juguetes,1.5
ANIMALES CHILLONES 6 PIESAS ,Fiestas y Juguetes,3.5
BOLITAS DE GEL ANIMALES ,Fiestas y Juguetes,0.25
BOLITAS MEDIANA PQ X 6 ,Fiestas y Juguetes,3
CAMION PEQUEÑO GRUA ,Fiestas y Juguetes,4
CARRO 4X4 DISEÑO METALIZADO ,Fiestas y Juguetes,3
CARRO A CONTROL REMOTO TRASFORMES ,Fiestas y Juguetes,9
CARRO A FRICCION LETS 90,Fiestas y Juguetes,3.5
CARRO AVENGERS X 4 ,Fiestas y Juguetes,3.5
CARRO BANS RAMGER 4X4,Fiestas y Juguetes,9
CARRO CARS BANS TIPO AUTO  ,Fiestas y Juguetes,5
CARRO CONSTRUCCION 195 AMARILLO ,Fiestas y Juguetes,4
CARRO CONTROL REMOTO,Fiestas y Juguetes,8
CARRO CONTROL REMOTO ,Fiestas y Juguetes,15
CARRO DE TRABAJO ,Fiestas y Juguetes,3.5
CARRO GLIDE ,Fiestas y Juguetes,6
CARRO GRANDE DE BONBEROS Y PALA MECANICA ,Fiestas y Juguetes,9
CARRO MINICAR X6 ,Fiestas y Juguetes,3
CARRO PATRULLERO PQ ,Fiestas y Juguetes,4
CARRO SET DE ESCABADORAS ,Fiestas y Juguetes,3
CARRO TANQUERO DE AGUA,Fiestas y Juguetes,8
CARRO TRASFORMES PQ,Fiestas y Juguetes,4
CARROS DE DOBLE FRICCION ,Fiestas y Juguetes,1.5
CUBO RUDIC CUADRADO ,Fiestas y Juguetes,3
CUBO RUDIC TRIANGULO  ,Fiestas y Juguetes,2.5
CUERDA PARA SALTAR ,Fiestas y Juguetes,2.5
ELICOPTERO ,Fiestas y Juguetes,8
JUEGO DE MAQUILLAJE ,Fiestas y Juguetes,7.5
JUEGO DE MUÑECAS DE 4 UNI.,Fiestas y Juguetes,8
JUEGO DE PLASTILINA ,Fiestas y Juguetes,5
"JUGUETE CARROS PATRULLAS, CARROS DE MALLA ",Fiestas y Juguetes,2
JUGUETE DE LA PATRULLA CANINA ,Fiestas y Juguetes,9
JUGUETE DRAGOHBALL Z,Fiestas y Juguetes,6
JUGUETE ROBOT ,Fiestas y Juguetes,13
JUGUETE SURTIDO ECONOMICO ,Fiestas y Juguetes,1.5
JUGUETE VOLANTE FROZEN,Fiestas y Juguetes,3.5
LEGOS DE MOCHILA ECUATOYS,Fiestas y Juguetes,8
MUÑECA BEAUTY,Fiestas y Juguetes,9
MUÑECA BESTIDO LARGO ,Fiestas y Juguetes,1
MUÑECA DE FLORES ,Fiestas y Juguetes,4.5
MUÑECA MUSICAL ,Fiestas y Juguetes,7
MUÑECA NOVIA GIRATORIA ,Fiestas y Juguetes,6
MUÑECO AVANGERS X 15 ,Fiestas y Juguetes,1
MUÑECO AVANGERS X 4 ,Fiestas y Juguetes,6
MUÑECO BOTELLITA NAVIDEÑA ,Fiestas y Juguetes,1
MUÑECO FELIZ NAVIDA ,Fiestas y Juguetes,1.25
MUÑECO LARGO DE BOTONES ,Fiestas y Juguetes,1.1
MUÑECO X12 REDONDO CON BRILLO # 6,Fiestas y Juguetes,0.6
MUÑECO X12 REDONDO CON BRILLO # 7,Fiestas y Juguetes,0.75
MUÑECO X12 SURTIDO BRILLO ,Fiestas y Juguetes,0.6
PELOTA ANTIESTRES ,Fiestas y Juguetes,1
PELOTA DE LUCES LED ,Fiestas y Juguetes,1.5
PELOTA DE PIN PON ,Fiestas y Juguetes,0.25
PELOTA DE TENIS,Fiestas y Juguetes,1.5
PELOTA PQ GRUESA DE FUTBOLL,Fiestas y Juguetes,3.5
PISTOLA CON LUCES LED ,Fiestas y Juguetes,15
PISTOLA DE AGUA ,Fiestas y Juguetes,0.6
PISTOLA DE AGUA DE ELEFANTE ,Fiestas y Juguetes,0
PISTOLA DE AGUA MEDIANA ,Fiestas y Juguetes,3
PISTOLA GRANDE ,Fiestas y Juguetes,4
PISTOLA TIPO ESCOPETA ,Fiestas y Juguetes,2
PISTOLAS,Fiestas y Juguetes,1.5
PLANCHA DE CARROS RACING ,Fiestas y Juguetes,0.5
SET DE AVANGER DE DE 3 PERSONAJES ,Fiestas y Juguetes,9
SET DE CARROS DE FRICCION ,Fiestas y Juguetes,8
SET PERSONAJES NIÑO ,Fiestas y Juguetes,2.5
SIRENA PEQUEÑA ,Fiestas y Juguetes,2.5
SPINER,Fiestas y Juguetes,3
TRASFORMES PEQUEÑOS ,Fiestas y Juguetes,4.5
VOLQUETA GALLINETA ,Fiestas y Juguetes,7
OSITA CAFÉ CON CORAZON AMO Y SOMBRERO ,Fiestas y Juguetes,16
OSITO DE FELPA/ CORAZON,Fiestas y Juguetes,5
OSO PATA LARGA DE 30CM ,Fiestas y Juguetes,11
PELUCHE ABEJA MAYA ,Fiestas y Juguetes,5
PELUCHE ALMOHADA CORAZON PEUQEÑO ,Fiestas y Juguetes,4
PELUCHE BABY LODA ,Fiestas y Juguetes,6
PELUCHE BOB ESPONJA ,Fiestas y Juguetes,6
PELUCHE CAPIBARA ,Fiestas y Juguetes,6.5
PELUCHE CERDITO 25CM.,Fiestas y Juguetes,6
PELUCHE CHANCHITA DE 40CM ,Fiestas y Juguetes,16
PELUCHE CON CAPUCHA ,Fiestas y Juguetes,11
PELUCHE CON CORAZON TE AMO DE 40CM ,Fiestas y Juguetes,16
PELUCHE CON GORRO DE 40CM ,Fiestas y Juguetes,16
PELUCHE DE OSITO PQ. DE 20CM ,Fiestas y Juguetes,4
PELUCHE GATO ,Fiestas y Juguetes,10
PELUCHE MARIO Y LUIGI ,Fiestas y Juguetes,5
PELUCHE MINI Y MIKEY ,Fiestas y Juguetes,5
PELUCHE MONO DE 35CM ,Fiestas y Juguetes,14
PELUCHE MUSICAL OSO ,Fiestas y Juguetes,6
PELUCHE OSO CON CORAZON FRASE TE AMO ,Fiestas y Juguetes,8
PELUCHE OSO DE COLORES DE 25CM.,Fiestas y Juguetes,9
PELUCHE OSO GRADUADO ,Fiestas y Juguetes,5.5
PELUCHE PATRICIO PQ DE 20 CM ,Fiestas y Juguetes,5
PELUCHE PATRULLA CANINA ,Fiestas y Juguetes,6
PELUCHE PERRO ,Fiestas y Juguetes,7
PELUCHE PERSONAJES ANIMADOS TOY TORY ,Fiestas y Juguetes,7
PELUCHE POCOYO ELEFANTE Y PATO ,Fiestas y Juguetes,6
PELUCHE POKEMON ,Fiestas y Juguetes,6
PELUCHE PQ CORAZON FLOR ,Fiestas y Juguetes,4
PELUCHE PQ CORAZON TE AMO ,Fiestas y Juguetes,4
PELUCHE PQ DE ANIMALES ,Fiestas y Juguetes,4
PELUCHE PQ HELLO KITTY,Fiestas y Juguetes,4
PELUCHE SCOBY DO ,Fiestas y Juguetes,10
"PELUCHE SENTADO DE 40 CM DE COLORES FUGSIA, NARANJA",Fiestas y Juguetes,16
PELUCHE STICH AZUL PQ ,Fiestas y Juguetes,5
PELUCHE STICH AZUL Y ROSADO ,Fiestas y Juguetes,13
PELUCHE STICH GRD  ,Fiestas y Juguetes,9
PELUCHE TIRANOSAURIO ,Fiestas y Juguetes,12
PELUCHE UNICORNIO CC1009,Fiestas y Juguetes,5
PELUCHE UNICORNIO DORMIDO DE 20CM.,Fiestas y Juguetes,0
PELUCHE VAQUITA ,Fiestas y Juguetes,6
CRI SOBRE ,Empaque y Vario,0
FUNDA DE CELOFAN ,Empaque y Vario,0.5
FUNDA DE JUGUETE SORPRESA PIÑATA ,Empaque y Vario,2.5
FUNDA DE RAGALO ,Empaque y Vario,0.4
FUNDA DE RAGALO ,Empaque y Vario,0.5
FUNDA DE REGALO ,Empaque y Vario,0.7
FUNDA DE REGALO BRILLO ,Empaque y Vario,0.6
FUNDA DE REGALO CON LOGOTIPO ,Empaque y Vario,1.25
FUNDA DE REGALO LAZO LK3 ,Empaque y Vario,0.5
FUNDA DE REGALO MD ,Empaque y Vario,1
FUNDA DE REGALO MD DE AMOR MEDIANA ,Empaque y Vario,1.2
FUNDA DE REGALO PEQUEÑA ,Empaque y Vario,0.5
FUNDA DE REGALO PQ AMOR 3D ,Empaque y Vario,0.8
FUNDA DE REGALO X 12 BABY GRANDE ,Empaque y Vario,1.25
FUNDA DE REGALO X 12 V MEDIANA ,Empaque y Vario,0.75
FUNDA DE REGALO X 12 V MODELOS SEMI GRANDE ,Empaque y Vario,1
FUNDA DE REGALO X12 MEDIANA,Empaque y Vario,1
BACE CHERRY 65GR CAFÉ- MARRON ,Empaque y Vario,2.5
BACE CHERRY 65GR NEGRO ,Empaque y Vario,2.5
BETUN CHERRY LIQ. DE 60ML CAFÉ ,Empaque y Vario,2.5
Código Orgánico Integral Penal,Empaque y Vario,2
FOSFORERA ,Empaque y Vario,1
LAPIZ LABIAL DE DEFENSA PERSONAL PISTOLA DE ATURDIMIENTO ,Empaque y Vario,20
MANO RASCA ALUMINIO NORMAL ,Empaque y Vario,1
MANO RASCA VERDE ESTIRABLE ,Empaque y Vario,1.5
PULPO BRILLOSO ,Empaque y Vario,5
SOMBRERO TELA CON FORRO DE ALGODÓN  ,Empaque y Vario,3.5
SOMBRERO TELA CON FORRO DE PUNTO ,Empaque y Vario,2.5
AUDIFONO ECCO EARPHONE MODEL EC-HF46,Gadgets y Entretenimiento,2.5
CAMARA WEB ECONOMICA ,Gadgets y Entretenimiento,14
CAR BLUETOOTTH ,Gadgets y Entretenimiento,5
CONVERTIDOR DE HDMI A VGA INS ,Gadgets y Entretenimiento,7
CONVERTIDOR DE VIDEO A HDMI ,Gadgets y Entretenimiento,6
CORDON CON ACCESORIO ,Gadgets y Entretenimiento,2
FUENTE DE PODER INS ,Gadgets y Entretenimiento,15
KIT DE LIMPIEZA ,Gadgets y Entretenimiento,3.5
LICENCIA DE ANTIVIRUS KASPERSKY,Gadgets y Entretenimiento,15
LUCES LED XTRIKE ME ,Gadgets y Entretenimiento,8
CAPSULA DE DISCO DURO USB 3.0 HHD ,Gadgets y Entretenimiento,16
CAPSULA DE DISCO SOLIDO USB 3.0 SSD  ,Gadgets y Entretenimiento,18
DISCO SOLIDO DE 128 GB ,Gadgets y Entretenimiento,30
FHAS MEMORY ECCO DE 4 GB ,Gadgets y Entretenimiento,5
FHAS MEMORY ECCO DE 64 GB ,Gadgets y Entretenimiento,10
FHAS MEMORY ECCO DE 8 GB ,Gadgets y Entretenimiento,6
FHAS MEMORY HIKSEMI 16 GB,Gadgets y Entretenimiento,8
FHAS MEMORY HIKVISION ,Gadgets y Entretenimiento,10
FHAS MENORY KINGSTON DE 32 GB ,Gadgets y Entretenimiento,8
FHAS MENORY KINGSTON DE 64 GB ,Gadgets y Entretenimiento,9
LECTOR DE MEMORIAS SSD ,Gadgets y Entretenimiento,1
MEMORIA MICRO SD ECCO 32 GB,Gadgets y Entretenimiento,9
MEMORIA MICRO SD ECCO 64 GB ,Gadgets y Entretenimiento,11
MEMORIA MICRO SD ECCO DE 16 GB ,Gadgets y Entretenimiento,7
MEMORIA MICRO SD ECCO DE 4 GB ,Gadgets y Entretenimiento,5
MEMORIA MICRO SD ECCO DE 8 GB ,Gadgets y Entretenimiento,6
MEMORIA MICRO SD KINGSTON DE 16 GB ,Gadgets y Entretenimiento,10
MEMORIA MICRO SD KINGSTON DE 32 GB ,Gadgets y Entretenimiento,12
MEMORIA MICRO SD KINGSTON DE 8 GB ,Gadgets y Entretenimiento,8
MEMORIA RAM 8 GB DDR4 DE 2666MZ HIKVISION ,Gadgets y Entretenimiento,27
ADAPTADFOR WIFI USB WIRELESS MERCUSYS BY TP-LINK,Gadgets y Entretenimiento,11
ADAPTADOR DE WIFI USB MERCUSYS ,Gadgets y Entretenimiento,14
BASE DE INFRIAMIENTO INS P LAPTOP 2 VENTILADORES 2 PUERTOS USB ,Gadgets y Entretenimiento,15
BOLSA PARA COMPUTADORA UNIVERSAL ,Gadgets y Entretenimiento,7
CABLE DE DATOS SATA PARA DISCO ,Gadgets y Entretenimiento,1.25
CABLE DE PODER ADAPTADOR PARA SATA ,Gadgets y Entretenimiento,1
CABLE DE PODER PARA PC,Gadgets y Entretenimiento,3.5
CABLE ESTENSOR DE USB PARA 7 PUERTOS 2.0,Gadgets y Entretenimiento,5
CABLE USB 2.0 PARA IMPRESORA 1.8 MTS ,Gadgets y Entretenimiento,2
CABLE VGA DE 5 METROS ,Gadgets y Entretenimiento,5
CAPUCHON COVER PARA PLUG RJ45,Gadgets y Entretenimiento,0.2
CONECTOR RJ45 PARA CABLES DE RED ,Gadgets y Entretenimiento,0.4
ESTUCHE DE LAPTOP NEOPRENO INS LS-215 COMPRATAMIENTOS ,Gadgets y Entretenimiento,9
ESTUCHE PARA LAPTOP  DE 14'',Gadgets y Entretenimiento,6
EXTENSOR DE SEÑAL MERCUSYS ,Gadgets y Entretenimiento,18
HEADPHONE CON MICROFONO INS STEREO PC ,Gadgets y Entretenimiento,6
KIT 2 EN 1 TECLADO + MOUSE MARVO CM009,Gadgets y Entretenimiento,13
KIT 2 EN 1 TECLADO + MOUSE MARVO WS005 SP INALAMBRICO,Gadgets y Entretenimiento,15
KIT 2 EN 1 TECLADO + MOUSE MARVO WS009 SP INALAMBRICO,Gadgets y Entretenimiento,25
MINI MOUSE INS RETRACTABLE XMK-977-BK ,Gadgets y Entretenimiento,5
MOCHILA CHANSIN PARA LAPTOP 15.6' VARIOS COMPORTAMIENTOS ,Gadgets y Entretenimiento,17
MOUSE FOREV FV-136,Gadgets y Entretenimiento,5
MOUSE GAMIN GM-203 LUZ DE FONDO DE ARCO IRIS ,Gadgets y Entretenimiento,10
MOUSE GAMING GM203 BK LUZ DE FONDO DE ARCO IRIS ,Gadgets y Entretenimiento,10
MOUSE GENIUS DE COLORES DX-110 G5 USB 2.0,Gadgets y Entretenimiento,7
MOUSE GENIUS INALAMBRICA ,Gadgets y Entretenimiento,8
MOUSE INALAMBRICO FOREV FV-181,Gadgets y Entretenimiento,6
MOUSE INALAMBRICO FOREV FV-185,Gadgets y Entretenimiento,6
MOUSE INS INALAMBRICO MS-501,Gadgets y Entretenimiento,7
MOUSE INS USB XMK-538 SENSOR OPTICO ,Gadgets y Entretenimiento,5
MOUSE MARVO INALAMBRICO BLANCO DUAL WM105D,Gadgets y Entretenimiento,10
MOUSE MARVO NEGRO WM104,Gadgets y Entretenimiento,8
MOUSE MINI OPTICO RETRACTIL ,Gadgets y Entretenimiento,5
MOUSE OPTICO INS- FM,Gadgets y Entretenimiento,5
MOUSE VERTICAL ERGONOMICO INALAMBRICO MO-803W ,Gadgets y Entretenimiento,13
PAD MAOSE GRANDE DE VARIOS DISEÑOS ,Gadgets y Entretenimiento,6
PAD MOUSE ,Gadgets y Entretenimiento,5
PARLANTE DE PC MARVO SG-118,Gadgets y Entretenimiento,10.5
PARLANTE GENIUS SP-Q180,Gadgets y Entretenimiento,13
PARLANTE PARA COMPUTADORA ,Gadgets y Entretenimiento,12
ROUTER MERCUSYS BY TP-LING MW305R TRES ANTENAS ,Gadgets y Entretenimiento,22
ROUTER TP-LINK TL-WR820R DOS ANTENAS ,Gadgets y Entretenimiento,22
TECLADO ESPAÑOL MULTIMEDIA INS KB201,Gadgets y Entretenimiento,8
TECLADO ILUMINADO INS ,Gadgets y Entretenimiento,8
TECLADO MECANICO MARVO SCORPION KG962 GAMING ,Gadgets y Entretenimiento,42
TECLADO MINI FLEXIBLE ANTI AGUA ESPAÑOL USB 2.0 ,Gadgets y Entretenimiento,9
TECLADO Y MOUSE INALAMBRICO ASUS ,Gadgets y Entretenimiento,17
TESTER DE REDES INS RJ-45 + RJ11 NSHL-4688,Gadgets y Entretenimiento,12
TINTA EPSON 504 BLACK C13T03N12A - 127ML - COMPATIBLE CON MPRESORAS - L4150 - L4160 - L6161 - L6171 - L6191,Gadgets y Entretenimiento,14
TINTA EPSON 544 BLACK  65ML - T544120 COMPATIBLE CON IMPRESORAS L1110 - L3110 - L3150 - 5190,Gadgets y Entretenimiento,10
"TINTA EPSON 664 PARA IMPRESORAS L20, L110, L210, L350, L355, L555",Gadgets y Entretenimiento,10
CAMARA DE VIGILANCIA TP-LINK TAPOC100 RESOLUCION 1080 MICROFONO Y LATA VOZ VISION NOCTURNA ,Gadgets y Entretenimiento,35
WEBCAM INS IS-PC28 ,Gadgets y Entretenimiento,15
WEBCAM PIXELES 480P/,Gadgets y Entretenimiento,25
WEBCAM USB INS M014,Gadgets y Entretenimiento,15
ADAPTADOR CUBO CARGADOR ECONO.,Gadgets y Entretenimiento,1.5
ADAPTADOR CUBO CARGADOR LZ-106 TIPO C ,Gadgets y Entretenimiento,3.5
ADAPTADOR DE CARGA PARA 2 SALIDAS ,Gadgets y Entretenimiento,5
ADAPTADOR DE CARGA POWER DE 3.0 ,Gadgets y Entretenimiento,3
ADAPTADOR DE CARGA RAPIDA  ,Gadgets y Entretenimiento,2.5
ADAPTADOR DE CARGA RAPIDA S20 ,Gadgets y Entretenimiento,3
ADAPTADOR ECONOMICO DE CARGA RAPIDA 3.0,Gadgets y Entretenimiento,3.5
ADAPTADOR ECONOMICO SAMSUNG ,Gadgets y Entretenimiento,2
ADAPTADOR PARED CUBO ,Gadgets y Entretenimiento,1.5
BATERIA ORIGINAL PARA J2 PRIME Y J5 SAMSUNG ,Gadgets y Entretenimiento,10
BATERIA TRIPLE A PARA SAMSUNG J2 PRIME ,Gadgets y Entretenimiento,7
CARGADOR 3A CARGA RAPIDA SAMSUNG BLANCO Y N,Gadgets y Entretenimiento,6
CARGADOR COMPLETO 45 W ADAPTER ,Gadgets y Entretenimiento,6
CARGADOR DE BLUETHOOTH PARA TARJETA SD ,Gadgets y Entretenimiento,4
CARGADOR ECONOMICO TIPO C PDC,Gadgets y Entretenimiento,3.5
CARGADOR HUAWEI CARGA RAPIDA ,Gadgets y Entretenimiento,6
CARGADOR IIN&ZII TIPO C CON DOBLE ENTRADA ,Gadgets y Entretenimiento,8
CARGADOR IIN&ZII TIPO C CON UNA ENTRADA ,Gadgets y Entretenimiento,7.5
CARGADOR IIN&ZII V8 CON DOBLE ENTRADA  ,Gadgets y Entretenimiento,7
CARGADOR IIN&ZII V8 CON UNA ENTRADA ,Gadgets y Entretenimiento,4
CARGADOR IPHONE X ORIGINAL ,Gadgets y Entretenimiento,6
CARGADOR LDNIO A2316C-US TIPO TIPOC - IP,Gadgets y Entretenimiento,13
CARGADOR PORTATIL 2600 BILITONG ,Gadgets y Entretenimiento,7
CARGADOR SAMSUNG EN FUNDA TIPO C NEGRO,Gadgets y Entretenimiento,4
CARGADOR SAMSUNG EN FUNDA V8 BLANCO,Gadgets y Entretenimiento,3
CARGADOR SAMSUNG S10 NEGRO TC ,Gadgets y Entretenimiento,4
CARGADOR SAMSUNG TIPO C A TIPO C CARGA RAPIDA ,Gadgets y Entretenimiento,8
CARGADOR SAMSUNG TIPO C EN CAJA COLOR BLANCO,Gadgets y Entretenimiento,6
CARGADOR SAMSUNG V8 EN CAJA BLANCO,Gadgets y Entretenimiento,5
CARGADOR TIPO V8 DATA CABLE DE 2M ,Gadgets y Entretenimiento,2.5
CARGADOR USB V8 NOVA + CABLE ,Gadgets y Entretenimiento,3
CARGADOR USB-C 20W POWER ADAPTER ,Gadgets y Entretenimiento,8
CARGADOR V8 PDC ,Gadgets y Entretenimiento,3
CARGADOR VEHICULAR LDNIO C61 ,Gadgets y Entretenimiento,10
CARGADOR XIAOMI TC. 3.0 ,Gadgets y Entretenimiento,6
CORTA PICOS INS SK-012 6 TOMAS 110V 120V 60HZ 7.5 A,Gadgets y Entretenimiento,6
CUBO CARGADOR DE PARED CHARGER ,Gadgets y Entretenimiento,4
CUBO CARGADOR DE PARED CHARGER CARGA RAPIDA ,Gadgets y Entretenimiento,6
EXTENCION DE ENERGIA ELECTRICA 15 FT DE 4M,Gadgets y Entretenimiento,3
FOCO LED 60 W,Gadgets y Entretenimiento,10
FOCO RECARGABLE BOQUILLA DE 12W LED ENERGENCY BUBBLE BALL,Gadgets y Entretenimiento,13
FOCO RECARGABLE DE 15 W UXI BL-588,Gadgets y Entretenimiento,15
FOCO RECARGABLE LINTERNA CON PANEL SOLAR MX-519,Gadgets y Entretenimiento,21
LUCES DE CASCADA COLGANTES ,Gadgets y Entretenimiento,15
LUCES DE CASCADA CON ESFERA ,Gadgets y Entretenimiento,28
"LUCES LED 200 COLOR ROJO, AZUL ",Gadgets y Entretenimiento,5
LUCES LED 200 MULTICOLOR ,Gadgets y Entretenimiento,6
LUCES LED DE 100 BLANCA ,Gadgets y Entretenimiento,4
LUCES LED DE 100 MULTICOLOR ,Gadgets y Entretenimiento,4
LUCES LET BLACO DE 10 M ,Gadgets y Entretenimiento,13
LUCES LET BLACO DE 12 M ,Gadgets y Entretenimiento,15
LUCES LET BLACO DE 24 M ,Gadgets y Entretenimiento,25
LUCES X 28 DE ARBOL DE NAVIDAD ,Gadgets y Entretenimiento,3.5
LUCES X 28 DE CORAZON ,Gadgets y Entretenimiento,3.5
LUCES X 28 DE TUBO ,Gadgets y Entretenimiento,3.5
TIRA LUCES LET DE COLOR LARGA ,Gadgets y Entretenimiento,12
TIRA LUCES LET DE COLOR PEQUEÑA ,Gadgets y Entretenimiento,8
CABLE DE 2 A 1 AUXILIAR 3.5 PARA AUDIFONOS GAMER ,Gadgets y Entretenimiento,1
COMBO DE TECLADO + MOUSE GAMIN XTRIKE ME LUZ DE FONDO ARCO IRIS ,Gadgets y Entretenimiento,20
"COMBO DE TECLADO GAMING ILUMINADO 4 EN 1 TECLADO, MOUSE, HEADPHONE, MOUSE PAD ",Gadgets y Entretenimiento,35
COMBO TECLADO + MOUSE GAMING XTRIKE ME MK-503 LUZ DE FONDO ( ARCO IRIS),Gadgets y Entretenimiento,20
CABLE AIWA USB DE MACHO A MACHO ,Gadgets y Entretenimiento,1.5
CABLE DE RED CAT 5 PASCHORT DE 10M ,Gadgets y Entretenimiento,5
CABLE DE RED CAT 5 PASCHORT DE 15M,Gadgets y Entretenimiento,6
CABLE DE RED CAT 5 PASCHORT DE 5M ,Gadgets y Entretenimiento,3
"CABLE HDMI DE 1,5m ",Gadgets y Entretenimiento,2
CABLE HDMI DE 3m ,Gadgets y Entretenimiento,3
CABLE HDMI DE 5m ,Gadgets y Entretenimiento,5
PARLANTE BT HF-U21 ,Gadgets y Entretenimiento,16
PARLANTE BT YG-A56,Gadgets y Entretenimiento,16
PARLANTE BTS13 BLUETOOH LDNIO ,Gadgets y Entretenimiento,25
PARLANTE DE COMPUTADORA CON BT ,Gadgets y Entretenimiento,15
PARLANTE MS-A06 ,Gadgets y Entretenimiento,15
RELOJ DE HOMNRE CK,Accesorios Tecnológicos,8
RELOJ DE MUJER  ,Accesorios Tecnológicos,5
RELOJ DE MUJER  ,Accesorios Tecnológicos,5
RELOJ DE MUJER CON BORDE DE PERLAS ,Accesorios Tecnológicos,6
RELOJ DE MUJER CON PERLITAS DIOR ,Accesorios Tecnológicos,6
"RELOJ DE MUJER SENCILLO TOUS, SWAROVSKY",Accesorios Tecnológicos,5
RELOJ DE VARON RESISTENTE AL AGUA ,Accesorios Tecnológicos,4
RELOJ DE VARON RESISTENTE AL AGUA ,Accesorios Tecnológicos,4
RELOJ SAMRT WATCH T900 ULTRA,Accesorios Tecnológicos,17.5
RELOJ SMART BRACELELT M4 ,Accesorios Tecnológicos,10
RELOJ SMART WATCH T10 ULTRA ,Accesorios Tecnológicos,18
RELOJ SPORT TECH PRODUCT X7,Accesorios Tecnológicos,16
RELOJ T500 PRO,Accesorios Tecnológicos,20
RELOJ WATCH T55 ,Accesorios Tecnológicos,17
REPUESTO DE RELOJ CORREA DE CUERO ,Accesorios Tecnológicos,5.5
REPUESTO DE RELOJ CORREA METALICA ,Accesorios Tecnológicos,6
VENUS NORMAL  24-28,Zapatilla Venus Normal,5
VENUS NORMAL  29-33,Zapatilla Venus Normal,6
VENUS NORMAL  34 - 38,Zapatilla Venus Normal,7
VENUS NORMAL  39 - 44,Zapatilla Venus Normal,8
VENUS ARES TIPO CONVERS 34-38,Zapatilla Ares Tipo Convers,11
VENUS ARES TIPO CONVERS 39-42,Zapatilla Ares Tipo Convers,12
ZAPTILLA SPALSH TYORNADO AZUL 40 ,Zapatilla Splash,13
ZAPTILLA SPALSH TYORNADO AZUL 40 ,Zapatilla Splash,13
ZAPATILLA LLANA FUCSIA 38,Zapatilla Aquauno,10
ZAPTILLA AQUAUNO DS EVO TIERRA LILA 38 ,Zapatilla Aquauno,12
ZAPTILLA AQUAUNO HS EVO TIFON 39,Zapatilla Aquauno,12
Celular Samsung Galaxy SM-A03 OC 2GB 32GB 4GLte 6.5Inc Cam Micro Usb Android Negro,Tipos Celulares,120
Celular Samsung Galaxy SM-A03S OC 4GB 64GB 4G-Lte IPS-LCD 6.5Inc 3Cam uSD USB-C Android Azul,Tipos Celulares,160
Celular Samsung Galaxy SM-A135 OC 4GB 64GB 4G HD-Plus 6.5Inc Cam. Andr.11 Black,Tipos Celulares,225
Celular Samsung Galaxy SM-A226 OC 4GB 128GB 5G 6.6Inch-IPS 3 Cam. USB-C Android 11 Gray,Tipos Celulares,210
ADAPTADOR DE AUX A IPH HEMBRA,Accesorios de Celulares,4
ADAPTADOR DE AUX910 A IPH MACHO ,Accesorios de Celulares,4
"ADAPTADOR TC A AUXILIAR DE 3,5 MM ",Accesorios de Celulares,5
ADAPTADOR TIPO C A HDMI TIPO C Y USB ,Accesorios de Celulares,8
AUDICULARES PARA CELULAR REALME,Accesorios de Celulares,3
AUDICULARES PARA CELULAR XIAOMI ,Accesorios de Celulares,3
AUDIFONO BLUETOOTH F9 MAX ,Accesorios de Celulares,20
AUDIFONO BLUETOOTH P36 ,Accesorios de Celulares,20
AUDIFONO BT EXTRA BASS YX-33 EARFONE ,Accesorios de Celulares,12
AUDIFONO ECONOMICO SAMSUNG PLOMOS ,Accesorios de Celulares,2
AUDIFONO ECONOMICO SIN MARCA DE COLORES ,Accesorios de Celulares,1.25
AUDIFONO INPODS 12 CON WIRELESS ,Accesorios de Celulares,11
AUDIFONO IPHONE 5 ORIGINAL ,Accesorios de Celulares,0
AUDIFONO IPHONE ECONOMI,Accesorios de Celulares,0
AUDIFONO KIN GOMA EARFONE K88,Accesorios de Celulares,2
AUDIFONO MANOS LIBRES SAMSUNG GALAXY S6 ,Accesorios de Celulares,2
AUDIFONO MI EARPHONES BASIC ,Accesorios de Celulares,3
AUDIFONO REMAPLUS BARIOS MODELOS ,Accesorios de Celulares,2
AUDIFONO S10 ORIGINAL,Accesorios de Celulares,3
AUDIFONO TUCCI SUPER BASS A4,Accesorios de Celulares,15
AUDIFONO YX-33,Accesorios de Celulares,12
AUDIFONOS ,Accesorios de Celulares,8
AUDIFONOS GAMER CON CABLE KR-GM801,Accesorios de Celulares,6
AUDIFONOS GAMING HEADSET ONIKUMA K1B ,Accesorios de Celulares,25
AUDIFONOS INALABRICOS BT HEAR DIFFERENT TWS F9,Accesorios de Celulares,17
AUDIFONOS MANOS LIBRES AKG TIPO C ,Accesorios de Celulares,3.5
AUDIFONOS MANOS LIBRES SAMSUNG AKG ,Accesorios de Celulares,3
AUDIFONOS MANOS LIBRES XSZ ,Accesorios de Celulares,2
CABLE AUXILIAR DE 1 M,Accesorios de Celulares,1.5
CABLE AUXILIAR DE 2 M ,Accesorios de Celulares,2
CABLE CARGA RAPIDA DE COLORES TIPO C ,Accesorios de Celulares,3
CABLE CARGADOR DE CELULAR DE COLORES V8  ,Accesorios de Celulares,1.5
CABLE CARGADOR DE GOMA TIPO C ,Accesorios de Celulares,2.5
CABLE CARGADOR DE GOMA TIPO V8,Accesorios de Celulares,2.5
CABLE CARGADOR IIN & ZII  TIPO C ,Accesorios de Celulares,4
CABLE CARGADOR IIN & ZII  V8 ,Accesorios de Celulares,4
CABLE CORDON TIPO C ,Accesorios de Celulares,2
CABLE CUERO PUERTO BLANCO ,Accesorios de Celulares,2.5
CABLE DE CAUCHO TIPO C ,Accesorios de Celulares,1.6
CABLE DE CAUCHO V8 ,Accesorios de Celulares,1.5
CABLE DE COLOR ECONOMICO ,Accesorios de Celulares,1.5
CABLE DE DATOS SAMSUNG ORIGINAL ,Accesorios de Celulares,2
CABLE DE GOMA DE 2M TIPO V8 ,Accesorios de Celulares,2.5
CABLE DE GOMA IP ,Accesorios de Celulares,2
CABLE FAST&SAFE DE 2 m TIPO C ,Accesorios de Celulares,3
CABLE FAST&SAFE DE 2 m TIPO V8 ,Accesorios de Celulares,3
CABLE GERLAX,Accesorios de Celulares,3.5
CABLE IIN&ZII ECONOMICO BLANCO TIPO C MODELO C8901,Accesorios de Celulares,2
CABLE IPHONE GENERICO DE 1M BLANCO,Accesorios de Celulares,2
CABLE IPHONE GENERICO DE 2M BLANCO,Accesorios de Celulares,3
"CABLE LDNIO LC 93 3 EN 1 ( V8, IP, TIPO C ) ",Accesorios de Celulares,8
CABLE LDNIO LC121 TIPO C A IP C 1 m. ,Accesorios de Celulares,7
CABLE LDNIO LC121 TIPO C A TIPO C 1 m. ,Accesorios de Celulares,7
CABLE LDNIO LC612I TIPO C A IPH 2M ,Accesorios de Celulares,6
CABLE LDNIO LS 441,Accesorios de Celulares,4
CABLE LDNIO LS 541 IP 1m ,Accesorios de Celulares,4
CABLE LDNIO LS 541 IP 2m ,Accesorios de Celulares,5
CABLE LDNIO LS 541 TIPO C 2m ,Accesorios de Celulares,5
CABLE LDNIO LS 541 V8 1m ,Accesorios de Celulares,4
CABLE LDNIO LS 541 V8 2m ,Accesorios de Celulares,5
CABLE LDNIO LS 902 V8 2m ,Accesorios de Celulares,4
CABLE LDNIO LS541 TIPO C 1m ,Accesorios de Celulares,4
CABLE LDNIO LS542 IPH 2M ,Accesorios de Celulares,5
CABLE LDNIO LS841 V8 Im,Accesorios de Celulares,3
CABLE LDNIO USB A V8  LS841 V8 Im,Accesorios de Celulares,3
CABLE PLANO TC PUERTO AZUL ,Accesorios de Celulares,1.5
CABLE SAMSUNG B/N ECONOMICO DE 1M ,Accesorios de Celulares,1.5
CABLE SAMSUNG BLANCO ECONOMICO DE 2m,Accesorios de Celulares,2
CHIP DE CLARO ,Accesorios de Celulares,4
CHIP DE MOVISTAR ,Accesorios de Celulares,4
CHIP DE TUENTI,Accesorios de Celulares,4
ESTUCHE DE CELULAR REDMI SILICONE ARCO IRIS ,Accesorios de Celulares,7
ESTUCHE DE REDMI 11 SILICONE CASE,Accesorios de Celulares,6
ESTUCHE DE REDMI SILICONE CASE ,Accesorios de Celulares,6
ESTUCHE MOTOMO METALICO CON BASE ,Accesorios de Celulares,5
ESTUCHE PIZARRA ORIGINAL PARA HW P20 LINE ,Accesorios de Celulares,4
MANOS LIBRES ECCO SUPER BASS E330 CAJA AMARILLA ,Accesorios de Celulares,2
MANOS LIBRES ECONOMICOS ,Accesorios de Celulares,1
MANOS LIBRES IP CONTROL IP 6 /IP 7 ENTRADA LIGTHNING,Accesorios de Celulares,5
MANOS LIBRES YOOKIE YK800,Accesorios de Celulares,4
MICA GLASS COMPLETA VARIOS MODELOS DE CELULAR ,Accesorios de Celulares,2
MICA GLASS VARIOS MODELOS DE CELULAR ,Accesorios de Celulares,1.5
POPSOKETS ALTO RELIEVE ,Accesorios de Celulares,2
POPSOKETS CON BASE ,Accesorios de Celulares,1.25
POPSOKETS SIN BASE  ,Accesorios de Celulares,1
SOPÓRTE DE TEFONO DE LOS AVANGERS,Accesorios de Celulares,4
SOPORTE DE VEHICULO LDNIO MG03 NEGRO ,Accesorios de Celulares,5
SOPORTE DE VEHICULO LDNIO MG03 NEGRO ,Accesorios de Celulares,7
SOPORTE DE VEHICULO LDNIO MG03 NEGRO ,Accesorios de Celulares,10
SOPORTE DE VEHICULO LDNIO MG04,Accesorios de Celulares,4
SOPORTE DE VEHICULO LDNIO MG08,Accesorios de Celulares,6
